{
  "train_loss": [
    0.10221648209313887,
    0.10165272872954796,
    0.10151520066861919,
    0.10150150833656779,
    0.10146835739441684,
    0.10141384549785247,
    0.10130204060830929,
    0.10125946803323746,
    0.1012037131962041,
    0.10108525689130184,
    0.1009405576249295,
    0.10087870684103578,
    0.10067839082637221,
    0.10051580326016302,
    0.10014854596346677,
    0.09996589682067239,
    0.09984027275379039,
    0.09969709338443555,
    0.0995413630977978,
    0.09944807380942684,
    0.0992117924804177,
    0.09906077532425586,
    0.09888584145224087,
    0.09877326007017609,
    0.09861654699208652,
    0.0981605201437637,
    0.09805521719091864,
    0.09789646695768577,
    0.09789656541075704,
    0.09773840853425272,
    0.09761524600956364,
    0.09751366393673455,
    0.09757281497643609,
    0.09738127559457725,
    0.09721731873069535,
    0.09707469878164245,
    0.09684898844132417,
    0.09684604496416635,
    0.09673501640938426,
    0.09672797154283638,
    0.09666799026803713,
    0.0966473204117484,
    0.09651925060754912
  ],
  "val_loss": [
    0.09946163981903547,
    0.09931815289054456,
    0.09930422067891603,
    0.09941564714808843,
    0.09936308616374825,
    0.09947732364657534,
    0.09952582565436303,
    0.09944972076675383,
    0.09935751932061367,
    0.0994268055366173,
    0.09941489560584144,
    0.09947920530161598,
    0.09958898795449085,
    0.09965430016173478,
    0.09990030845712917,
    0.10000642415868688,
    0.1000767044629512,
    0.10028373809165037,
    0.10033304981856167,
    0.10050939269145662,
    0.10078316976211062,
    0.10076269903941135,
    0.10074057940658665,
    0.10085639918074947,
    0.10110894171014491,
    0.10128656234202525,
    0.1013312524457357,
    0.10166798408560174,
    0.10159610511119396,
    0.10165542303642967,
    0.10181689955075915,
    0.10152128445428785,
    0.10188947971520564,
    0.10195698608414398,
    0.10216915939766992,
    0.10212128602560594,
    0.10224627491445222,
    0.10232968602843863,
    0.10231824705540885,
    0.10251133511754758,
    0.10256633721136149,
    0.10253288885539545,
    0.10252550318525426
  ],
  "train_mse": [
    0.10221648209313887,
    0.10165272872954796,
    0.10151520066861919,
    0.10150150833656779,
    0.10146835739441684,
    0.10141384549785247,
    0.10130204060830929,
    0.10125946803323746,
    0.1012037131962041,
    0.10108525689130184,
    0.1009405576249295,
    0.10087870684103578,
    0.10067839082637221,
    0.10051580326016302,
    0.10014854596346677,
    0.09996589682067239,
    0.09984027275379039,
    0.09969709338443555,
    0.0995413630977978,
    0.09944807380942684,
    0.0992117924804177,
    0.09906077532425586,
    0.09888584145224087,
    0.09877326007017609,
    0.09861654699208652,
    0.0981605201437637,
    0.09805521719091864,
    0.09789646695768577,
    0.09789656541075704,
    0.09773840853425272,
    0.09761524600956364,
    0.09751366393673455,
    0.09757281497643609,
    0.09738127559457725,
    0.09721731873069535,
    0.09707469878164245,
    0.09684898844132417,
    0.09684604496416635,
    0.09673501640938426,
    0.09672797154283638,
    0.09666799026803713,
    0.0966473204117484,
    0.09651925060754912
  ],
  "val_mse": [
    0.09946163981903547,
    0.09931815289054456,
    0.09930422067891603,
    0.09941564714808843,
    0.09936308616374825,
    0.09947732364657534,
    0.09952582565436303,
    0.09944972076675383,
    0.09935751932061367,
    0.0994268055366173,
    0.09941489560584144,
    0.09947920530161598,
    0.09958898795449085,
    0.09965430016173478,
    0.09990030845712917,
    0.10000642415868688,
    0.1000767044629512,
    0.10028373809165037,
    0.10033304981856167,
    0.10050939269145662,
    0.10078316976211062,
    0.10076269903941135,
    0.10074057940658665,
    0.10085639918074947,
    0.10110894171014491,
    0.10128656234202525,
    0.1013312524457357,
    0.10166798408560174,
    0.10159610511119396,
    0.10165542303642967,
    0.10181689955075915,
    0.10152128445428785,
    0.10188947971520564,
    0.10195698608414398,
    0.10216915939766992,
    0.10212128602560594,
    0.10224627491445222,
    0.10232968602843863,
    0.10231824705540885,
    0.10251133511754758,
    0.10256633721136149,
    0.10253288885539545,
    0.10252550318525426
  ],
  "grad_norm": [
    0.0798146059443819,
    0.06098711709289447,
    0.05699696408329301,
    0.05255605509024998,
    0.047685870467794184,
    0.045637279817442034,
    0.04364314236457033,
    0.03933025179524286,
    0.03625811815548401,
    0.033926202644622046,
    0.032359697980600656,
    0.03160222925955934,
    0.030979737032042896,
    0.031514421812442434,
    0.034024941482671524,
    0.03597488795659415,
    0.037992324511891225,
    0.039774185454591264,
    0.04238279634170907,
    0.04450877565255133,
    0.04663448083684795,
    0.0487666829959505,
    0.05214277619377626,
    0.054418626412699456,
    0.055226291775902776,
    0.05802257056270156,
    0.06085190269784584,
    0.06212934098489906,
    0.0639514604577153,
    0.06504700288027027,
    0.06684656682919499,
    0.06782461740824092,
    0.0684852653734361,
    0.06998349805315801,
    0.07178124439681453,
    0.07229348281429564,
    0.07379205145539847,
    0.0753220236645295,
    0.07567330754446146,
    0.07652837560079169,
    0.07759539859001852,
    0.07890003299757987,
    0.07944147476932675
  ],
  "training_time_seconds": 319.8,
  "training_time_human": "0h 5m 19s",
  "epochs_run": 43,
  "best_epoch": 3,
  "best_val_loss": 0.09930422067891603,
  "frame_name": "lfo1",
  "dataset_size": 21517,
  "hyperparameters": {
    "learning_rate": 0.001,
    "batch_size": 32,
    "dropout": 0.2,
    "patience": 40,
    "lr_scheduler": "plateau",
    "grad_clip": 1.0
  },
  "hardware": {
    "device": "cuda"
  }
}