{
  "train_loss": [
    0.05955335928344517,
    0.05740211739986574,
    0.056949509286708486,
    0.056596222428261414,
    0.056252705155307406,
    0.05622185169341723,
    0.05594214972767656,
    0.05540483922626323,
    0.05532735876897946,
    0.055165313483406336,
    0.055146090363805536,
    0.054753894923509586,
    0.054241631885843265,
    0.05442075575310433,
    0.05395054487205359,
    0.05355994985292816,
    0.053275242008483846,
    0.05276274860110905,
    0.05237264268876169,
    0.05191100487389708,
    0.05076444713186141,
    0.050329307288193195,
    0.050140079751218126,
    0.049898900058929115,
    0.04929622114078613,
    0.04909801554201239,
    0.04861765951292129,
    0.0482128509875373,
    0.04804358407948517,
    0.04757368667436813,
    0.04692333554346558,
    0.046305884456395205,
    0.045798349667485416,
    0.0458539994094647,
    0.045348798970655635,
    0.045304652677388535,
    0.04519084323118143,
    0.04485890194493226,
    0.04466966035748964,
    0.04461749658512052,
    0.04423210760543457,
    0.04430993959550726,
    0.04380217357684708,
    0.0437007868613398,
    0.04347085937334124,
    0.043497540991533655,
    0.04347600387304161,
    0.04318521617721285,
    0.04296008462420521
  ],
  "val_loss": [
    0.058057131348692594,
    0.0567784025778423,
    0.056556782811580594,
    0.05659691161995557,
    0.05657175020431753,
    0.05698055466964616,
    0.06115800368800834,
    0.05819828388978489,
    0.05593276987947411,
    0.056276946174139954,
    0.056801466018560544,
    0.059200326177343054,
    0.056869094245996905,
    0.05737102379900726,
    0.05781366734124308,
    0.05878337347252884,
    0.059540334321446155,
    0.05723980190840798,
    0.05754478472336453,
    0.05724970782971262,
    0.05718277993813232,
    0.056797941781617886,
    0.06354626644421463,
    0.05787310088474547,
    0.05748698517829928,
    0.056981217715159134,
    0.05699023207527908,
    0.05764444797632083,
    0.057499187263711615,
    0.057224616745309015,
    0.05830370969883161,
    0.05726114907606163,
    0.057518128567754324,
    0.05717298431537259,
    0.05859179098402435,
    0.059972314248282706,
    0.05768088932762194,
    0.057669972598402945,
    0.05905697689433793,
    0.05783715963962689,
    0.05784787847917883,
    0.057964411512691175,
    0.058698503103987054,
    0.05825923126771222,
    0.058290969542971804,
    0.06092041897489198,
    0.059756804276351355,
    0.05777338280075758,
    0.05806858603603876
  ],
  "train_mse": [
    0.05955335928344517,
    0.05740211739986574,
    0.056949509286708486,
    0.056596222428261414,
    0.056252705155307406,
    0.05622185169341723,
    0.05594214972767656,
    0.05540483922626323,
    0.05532735876897946,
    0.055165313483406336,
    0.055146090363805536,
    0.054753894923509586,
    0.054241631885843265,
    0.05442075575310433,
    0.05395054487205359,
    0.05355994985292816,
    0.053275242008483846,
    0.05276274860110905,
    0.05237264268876169,
    0.05191100487389708,
    0.05076444713186141,
    0.050329307288193195,
    0.050140079751218126,
    0.049898900058929115,
    0.04929622114078613,
    0.04909801554201239,
    0.04861765951292129,
    0.0482128509875373,
    0.04804358407948517,
    0.04757368667436813,
    0.04692333554346558,
    0.046305884456395205,
    0.045798349667485416,
    0.0458539994094647,
    0.045348798970655635,
    0.045304652677388535,
    0.04519084323118143,
    0.04485890194493226,
    0.04466966035748964,
    0.04461749658512052,
    0.04423210760543457,
    0.04430993959550726,
    0.04380217357684708,
    0.0437007868613398,
    0.04347085937334124,
    0.043497540991533655,
    0.04347600387304161,
    0.04318521617721285,
    0.04296008462420521
  ],
  "val_mse": [
    0.058057131348692594,
    0.0567784025778423,
    0.056556782811580594,
    0.05659691161995557,
    0.05657175020431753,
    0.05698055466964616,
    0.06115800368800834,
    0.05819828388978489,
    0.05593276987947411,
    0.056276946174139954,
    0.056801466018560544,
    0.059200326177343054,
    0.056869094245996905,
    0.05737102379900726,
    0.05781366734124308,
    0.05878337347252884,
    0.059540334321446155,
    0.05723980190840798,
    0.05754478472336453,
    0.05724970782971262,
    0.05718277993813232,
    0.056797941781617886,
    0.06354626644421463,
    0.05787310088474547,
    0.05748698517829928,
    0.056981217715159134,
    0.05699023207527908,
    0.05764444797632083,
    0.057499187263711615,
    0.057224616745309015,
    0.05830370969883161,
    0.05726114907606163,
    0.057518128567754324,
    0.05717298431537259,
    0.05859179098402435,
    0.059972314248282706,
    0.05768088932762194,
    0.057669972598402945,
    0.05905697689433793,
    0.05783715963962689,
    0.05784787847917883,
    0.057964411512691175,
    0.058698503103987054,
    0.05825923126771222,
    0.058290969542971804,
    0.06092041897489198,
    0.059756804276351355,
    0.05777338280075758,
    0.05806858603603876
  ],
  "grad_norm": [
    0.08335335053503513,
    0.060287347007542846,
    0.05659215372055769,
    0.05458605786785484,
    0.05472372923046351,
    0.052472822479903695,
    0.0537885595113039,
    0.04808605428785086,
    0.051601923629641534,
    0.05286306450143456,
    0.05002502225339413,
    0.04921148363500834,
    0.051808875612914564,
    0.054013409819453954,
    0.0493501198105514,
    0.05032966082915664,
    0.04958860894665122,
    0.05454955194145441,
    0.049240037184208635,
    0.05444030400365591,
    0.051196097210049626,
    0.05488538332283497,
    0.06097252979874611,
    0.06532579213380814,
    0.06906773187220097,
    0.06799851279705763,
    0.06752190072089434,
    0.07350901484489442,
    0.07731428392231464,
    0.07221695065498351,
    0.08010516550391912,
    0.07965155813843011,
    0.08199070647358894,
    0.08449046492576599,
    0.08504432581365108,
    0.10036082219332457,
    0.09671673625707626,
    0.08812416590750217,
    0.11131694547832012,
    0.10407272968441247,
    0.11672514967620373,
    0.12309133678674698,
    0.09939556386321784,
    0.11419163346290588,
    0.11404459752142429,
    0.11706826694309712,
    0.11496779087930918,
    0.12338205546140671,
    0.1120461817458272
  ],
  "training_time_seconds": 89.0,
  "training_time_human": "0h 1m 29s",
  "epochs_run": 49,
  "best_epoch": 9,
  "best_val_loss": 0.05593276987947411,
  "frame_name": "reverb",
  "dataset_size": 3586,
  "hyperparameters": {
    "learning_rate": 0.001,
    "batch_size": 32,
    "dropout": 0.2,
    "patience": 40,
    "lr_scheduler": "plateau",
    "grad_clip": 1.0
  },
  "hardware": {
    "device": "cuda"
  }
}