{
  "train_loss": [
    0.10288523676751361,
    0.10200294629738908,
    0.10180226912230196,
    0.10177123081416589,
    0.10184868639641835,
    0.10174176272073136,
    0.10169266040013096,
    0.10167602272980952,
    0.10154350488789758,
    0.10147527735027494,
    0.10135057807186393,
    0.10128930687554777,
    0.1011041037279367,
    0.1009862727094477,
    0.10086669971569959,
    0.10040777045211623,
    0.10021932019421732,
    0.0999918476541516,
    0.09980358569179265,
    0.09964997827108718,
    0.09950129866553983,
    0.09927247842183615,
    0.09904019186210287,
    0.09884532033097186,
    0.09865414548727823,
    0.09838922976580883,
    0.09797649143924789,
    0.0976759758048859,
    0.09761095758823982,
    0.09742870737988937,
    0.09728405018565175,
    0.09712278498264061,
    0.0970222682039197,
    0.09689519601894529,
    0.09676692706202493,
    0.09660699634398102,
    0.09656575773205157,
    0.09618473353053174,
    0.0960214555974195,
    0.09592066308546411,
    0.09588409254879916,
    0.09587036312419796,
    0.09570745864901774,
    0.09564371833751366
  ],
  "val_loss": [
    0.10413740555629629,
    0.10270342470354549,
    0.10297193304499995,
    0.1026695487228185,
    0.10272370976149332,
    0.1027726256374967,
    0.10275944124251822,
    0.1027096536025162,
    0.10267477946595706,
    0.10281253064563263,
    0.10288696424085951,
    0.10296885963652896,
    0.10289039815021674,
    0.10292267113371201,
    0.10286483598298206,
    0.10298674391135532,
    0.10306323595248694,
    0.10346519136660015,
    0.10317043554270247,
    0.10335721752327302,
    0.10353611971284647,
    0.10375667011607155,
    0.1038724092149949,
    0.10389519593834944,
    0.10394133864459595,
    0.10446139327457207,
    0.10446369078820712,
    0.10464405633630613,
    0.10475936419780231,
    0.104950387267466,
    0.1051826379468697,
    0.10524919402941081,
    0.10537137202143736,
    0.10539904443265481,
    0.10529195571327692,
    0.10547540748116004,
    0.1057576441057885,
    0.1054996489397993,
    0.10563663290651278,
    0.10566237444050731,
    0.10570752157077419,
    0.10576591153638024,
    0.10581758224257196,
    0.10584892112261261
  ],
  "train_mse": [
    0.10288523676751361,
    0.10200294629738908,
    0.10180226912230196,
    0.10177123081416589,
    0.10184868639641835,
    0.10174176272073136,
    0.10169266040013096,
    0.10167602272980952,
    0.10154350488789758,
    0.10147527735027494,
    0.10135057807186393,
    0.10128930687554777,
    0.1011041037279367,
    0.1009862727094477,
    0.10086669971569959,
    0.10040777045211623,
    0.10021932019421732,
    0.0999918476541516,
    0.09980358569179265,
    0.09964997827108718,
    0.09950129866553983,
    0.09927247842183615,
    0.09904019186210287,
    0.09884532033097186,
    0.09865414548727823,
    0.09838922976580883,
    0.09797649143924789,
    0.0976759758048859,
    0.09761095758823982,
    0.09742870737988937,
    0.09728405018565175,
    0.09712278498264061,
    0.0970222682039197,
    0.09689519601894529,
    0.09676692706202493,
    0.09660699634398102,
    0.09656575773205157,
    0.09618473353053174,
    0.0960214555974195,
    0.09592066308546411,
    0.09588409254879916,
    0.09587036312419796,
    0.09570745864901774,
    0.09564371833751366
  ],
  "val_mse": [
    0.10413740555629629,
    0.10270342470354549,
    0.10297193304499995,
    0.1026695487228185,
    0.10272370976149332,
    0.1027726256374967,
    0.10275944124251822,
    0.1027096536025162,
    0.10267477946595706,
    0.10281253064563263,
    0.10288696424085951,
    0.10296885963652896,
    0.10289039815021674,
    0.10292267113371201,
    0.10286483598298206,
    0.10298674391135532,
    0.10306323595248694,
    0.10346519136660015,
    0.10317043554270247,
    0.10335721752327302,
    0.10353611971284647,
    0.10375667011607155,
    0.1038724092149949,
    0.10389519593834944,
    0.10394133864459595,
    0.10446139327457207,
    0.10446369078820712,
    0.10464405633630613,
    0.10475936419780231,
    0.104950387267466,
    0.1051826379468697,
    0.10524919402941081,
    0.10537137202143736,
    0.10539904443265481,
    0.10529195571327692,
    0.10547540748116004,
    0.1057576441057885,
    0.1054996489397993,
    0.10563663290651278,
    0.10566237444050731,
    0.10570752157077419,
    0.10576591153638024,
    0.10581758224257196,
    0.10584892112261261
  ],
  "grad_norm": [
    0.08718874122989312,
    0.06117134471790175,
    0.059202070915129745,
    0.054436612309197364,
    0.05168942009632507,
    0.05179360575890273,
    0.048742291624291556,
    0.046562590709563055,
    0.04371285987703988,
    0.04066829252778814,
    0.0384533460848452,
    0.03672241468108102,
    0.03513304153352641,
    0.03447298878448063,
    0.03391301495054465,
    0.03422166770428754,
    0.03587320435248064,
    0.03796043952696779,
    0.040346853966625885,
    0.043653000367993716,
    0.04585926457402412,
    0.04798986201875665,
    0.05099978072757132,
    0.05331663537058937,
    0.056448627564679374,
    0.058445904763896814,
    0.06088490779982524,
    0.06273065635494972,
    0.06452099316742983,
    0.06668286917082379,
    0.06807599572485752,
    0.06982573357860694,
    0.07163356436270006,
    0.0728728053275119,
    0.07498908523428306,
    0.07613548957062571,
    0.0773792358764102,
    0.07832175284791529,
    0.07905561047491062,
    0.080626532527503,
    0.08120938048938688,
    0.08232494466257899,
    0.08390199191282305,
    0.08376192088877217
  ],
  "training_time_seconds": 251.2,
  "training_time_human": "0h 4m 11s",
  "epochs_run": 44,
  "best_epoch": 4,
  "best_val_loss": 0.1026695487228185,
  "frame_name": "lfo2",
  "dataset_size": 16016,
  "hyperparameters": {
    "learning_rate": 0.001,
    "batch_size": 32,
    "dropout": 0.2,
    "patience": 40,
    "lr_scheduler": "plateau",
    "grad_clip": 1.0
  },
  "hardware": {
    "device": "cuda"
  }
}