{
  "train_loss": [
    0.046484930414668814,
    0.043624492612356736,
    0.04338708939228145,
    0.043202143249942766,
    0.04320222670762011,
    0.043027402457174124,
    0.042966687796138804,
    0.0428574670168119,
    0.04255931020842183,
    0.04247086244095682,
    0.04234527712211105,
    0.04210979841166107,
    0.04202152218367208,
    0.041808245351940714,
    0.041484448832848735,
    0.040912097715324794,
    0.040569835301472845,
    0.040366311775314564,
    0.04013829304553376,
    0.03985242175019094,
    0.0396400873841099,
    0.039370461853836275,
    0.0391783052718344,
    0.03889410322478006,
    0.038696332404983325,
    0.038461966418825454,
    0.03799462708804597,
    0.03772577919359894,
    0.037582737214214686,
    0.03746225381222073,
    0.03721835073247615,
    0.03709396578548862,
    0.03703607683973997,
    0.03686634542855954,
    0.036646726135228874,
    0.03658972944509217,
    0.03639750627307072,
    0.03611514985410756,
    0.03610471358633912,
    0.035899110946149594,
    0.03580455354772894,
    0.03578242665034651,
    0.035773646515828414,
    0.0356380828635911
  ],
  "val_loss": [
    0.043544303664728494,
    0.04323377495257101,
    0.043491098105751816,
    0.043021499517303226,
    0.04361815875099471,
    0.04331856835682149,
    0.04330480684266078,
    0.04340275082318963,
    0.04408947863754654,
    0.043749180517837834,
    0.043472015097075906,
    0.04372374561685806,
    0.044709763895749426,
    0.04396376748114591,
    0.04395682657473081,
    0.044448636929375694,
    0.04469003042998886,
    0.04548520526749036,
    0.04496186702237428,
    0.04539138247932529,
    0.04549694371558045,
    0.04539887515667525,
    0.04549049856457325,
    0.04594198422744753,
    0.04621554151488658,
    0.04622055890704882,
    0.046671471828424585,
    0.04703415257189977,
    0.04651899186422557,
    0.04668121949305111,
    0.04714253888156644,
    0.04702901842155282,
    0.047127528704566685,
    0.047254400284031974,
    0.047531241215473675,
    0.04766751057407564,
    0.04803763212290819,
    0.04764676240926934,
    0.047701009590538614,
    0.047720593704256006,
    0.04788286634781653,
    0.0478348380280537,
    0.0480483446182688,
    0.048249309216249085
  ],
  "train_mse": [
    0.046484930414668814,
    0.043624492612356736,
    0.04338708939228145,
    0.043202143249942766,
    0.04320222670762011,
    0.043027402457174124,
    0.042966687796138804,
    0.0428574670168119,
    0.04255931020842183,
    0.04247086244095682,
    0.04234527712211105,
    0.04210979841166107,
    0.04202152218367208,
    0.041808245351940714,
    0.041484448832848735,
    0.040912097715324794,
    0.040569835301472845,
    0.040366311775314564,
    0.04013829304553376,
    0.03985242175019094,
    0.0396400873841099,
    0.039370461853836275,
    0.0391783052718344,
    0.03889410322478006,
    0.038696332404983325,
    0.038461966418825454,
    0.03799462708804597,
    0.03772577919359894,
    0.037582737214214686,
    0.03746225381222073,
    0.03721835073247615,
    0.03709396578548862,
    0.03703607683973997,
    0.03686634542855954,
    0.036646726135228874,
    0.03658972944509217,
    0.03639750627307072,
    0.03611514985410756,
    0.03610471358633912,
    0.035899110946149594,
    0.03580455354772894,
    0.03578242665034651,
    0.035773646515828414,
    0.0356380828635911
  ],
  "val_mse": [
    0.043544303664728494,
    0.04323377495257101,
    0.043491098105751816,
    0.043021499517303226,
    0.04361815875099471,
    0.04331856835682149,
    0.04330480684266078,
    0.04340275082318963,
    0.04408947863754654,
    0.043749180517837834,
    0.043472015097075906,
    0.04372374561685806,
    0.044709763895749426,
    0.04396376748114591,
    0.04395682657473081,
    0.044448636929375694,
    0.04469003042998886,
    0.04548520526749036,
    0.04496186702237428,
    0.04539138247932529,
    0.04549694371558045,
    0.04539887515667525,
    0.04549049856457325,
    0.04594198422744753,
    0.04621554151488658,
    0.04622055890704882,
    0.046671471828424585,
    0.04703415257189977,
    0.04651899186422557,
    0.04668121949305111,
    0.04714253888156644,
    0.04702901842155282,
    0.047127528704566685,
    0.047254400284031974,
    0.047531241215473675,
    0.04766751057407564,
    0.04803763212290819,
    0.04764676240926934,
    0.047701009590538614,
    0.047720593704256006,
    0.04788286634781653,
    0.0478348380280537,
    0.0480483446182688,
    0.048249309216249085
  ],
  "grad_norm": [
    0.06811093247961253,
    0.04855931311612949,
    0.0450761960237287,
    0.043537677382119,
    0.046231065799171724,
    0.040803502003351845,
    0.04186599777312949,
    0.04009817119610185,
    0.03663814512159055,
    0.039567500934936106,
    0.03841502910169462,
    0.0341521074102881,
    0.03643768490292132,
    0.03636175390177717,
    0.03697046140829722,
    0.03513398663684105,
    0.03551247108650083,
    0.036871904895330467,
    0.03775312423628444,
    0.036220366426277906,
    0.03710267132070536,
    0.038859530681899436,
    0.040671564328173794,
    0.04172543030775463,
    0.041897180024534464,
    0.0439338141392606,
    0.04426273045828566,
    0.044684654412170254,
    0.04561621819933256,
    0.047905949177220464,
    0.048873890637575336,
    0.04926313277489195,
    0.04817119768510262,
    0.05038686527404934,
    0.05132036516442895,
    0.05227451977164795,
    0.051779699589436255,
    0.05326245923060924,
    0.05412897719846418,
    0.05493239165904621,
    0.05541888081158201,
    0.056811304724154375,
    0.05595060472842306,
    0.05887619883287698
  ],
  "training_time_seconds": 81.4,
  "training_time_human": "0h 1m 21s",
  "epochs_run": 44,
  "best_epoch": 4,
  "best_val_loss": 0.043021499517303226,
  "frame_name": "delay",
  "dataset_size": 3450,
  "hyperparameters": {
    "learning_rate": 0.001,
    "batch_size": 32,
    "dropout": 0.2,
    "patience": 40,
    "lr_scheduler": "plateau",
    "grad_clip": 1.0
  },
  "hardware": {
    "device": "cuda"
  }
}