{
  "train_loss": [
    0.10231405145343975,
    0.10132362747757559,
    0.10086529418427402,
    0.10054622887469218,
    0.10049739340822977,
    0.10034048516478752,
    0.10025855779713111,
    0.10006685100555271,
    0.10017636482111446,
    0.10005418830374152,
    0.09975187586303647,
    0.09966393434498684,
    0.09935948884304356,
    0.09915646743376179,
    0.09894696693034487,
    0.09871545519800444,
    0.09834990183165741,
    0.09830781119126443,
    0.09753508209025724,
    0.09733516232701762,
    0.09697217084123502,
    0.09677588477429977,
    0.09665710862450264,
    0.09650802822147359,
    0.09621982950850694,
    0.09603825663153022,
    0.09579189972518624,
    0.09557502922425526,
    0.09523437589295052,
    0.09461919232524443,
    0.09443831916282368,
    0.09431238781513322,
    0.09406128915574997,
    0.09390824348051546,
    0.09388935859028749,
    0.09360099001667381,
    0.09336896994979034,
    0.09313128942816382,
    0.09286463143371898,
    0.09265031273740686,
    0.09224516425664726,
    0.09213502195762405,
    0.09197079864298677,
    0.09192156296924626,
    0.0917606530319057,
    0.09182581225413892,
    0.09165472050793871
  ],
  "val_loss": [
    0.10015552140581063,
    0.10047896049622826,
    0.10308226302928603,
    0.10052770970572363,
    0.10062809253511536,
    0.09886639837219928,
    0.09868095995731181,
    0.09882204060582123,
    0.09919985527442109,
    0.10032538930624817,
    0.09879243870731735,
    0.09907252938208463,
    0.09924238554914071,
    0.09970159096667822,
    0.10128687853057756,
    0.0995046751539858,
    0.09944086555454533,
    0.09935693374240705,
    0.0993432359082966,
    0.09999472683362089,
    0.10232136850160738,
    0.10474924856543764,
    0.10010174024120001,
    0.10232443170728128,
    0.10026026072543938,
    0.1001072316550059,
    0.10019796383179347,
    0.10093107006851404,
    0.1005012533238476,
    0.10021403577918177,
    0.10054280546843147,
    0.1002245522993538,
    0.10066608266768488,
    0.10157508069023014,
    0.10337259283122527,
    0.10493611202866268,
    0.10035993308108825,
    0.10303040132458388,
    0.10119103486361022,
    0.10097913077344876,
    0.10028031100294481,
    0.10004874283847916,
    0.10058883449287809,
    0.10068216904503298,
    0.10015745790361537,
    0.10016911525836794,
    0.10051709606674364
  ],
  "train_mse": [
    0.10231405145343975,
    0.10132362747757559,
    0.10086529418427402,
    0.10054622887469218,
    0.10049739340822977,
    0.10034048516478752,
    0.10025855779713111,
    0.10006685100555271,
    0.10017636482111446,
    0.10005418830374152,
    0.09975187586303647,
    0.09966393434498684,
    0.09935948884304356,
    0.09915646743376179,
    0.09894696693034487,
    0.09871545519800444,
    0.09834990183165741,
    0.09830781119126443,
    0.09753508209025724,
    0.09733516232701762,
    0.09697217084123502,
    0.09677588477429977,
    0.09665710862450264,
    0.09650802822147359,
    0.09621982950850694,
    0.09603825663153022,
    0.09579189972518624,
    0.09557502922425526,
    0.09523437589295052,
    0.09461919232524443,
    0.09443831916282368,
    0.09431238781513322,
    0.09406128915574997,
    0.09390824348051546,
    0.09388935859028749,
    0.09360099001667381,
    0.09336896994979034,
    0.09313128942816382,
    0.09286463143371898,
    0.09265031273740686,
    0.09224516425664726,
    0.09213502195762405,
    0.09197079864298677,
    0.09192156296924626,
    0.0917606530319057,
    0.09182581225413892,
    0.09165472050793871
  ],
  "val_mse": [
    0.10015552140581063,
    0.10047896049622826,
    0.10308226302928603,
    0.10052770970572363,
    0.10062809253511536,
    0.09886639837219928,
    0.09868095995731181,
    0.09882204060582123,
    0.09919985527442109,
    0.10032538930624817,
    0.09879243870731735,
    0.09907252938208463,
    0.09924238554914071,
    0.09970159096667822,
    0.10128687853057756,
    0.0995046751539858,
    0.09944086555454533,
    0.09935693374240705,
    0.0993432359082966,
    0.09999472683362089,
    0.10232136850160738,
    0.10474924856543764,
    0.10010174024120001,
    0.10232443170728128,
    0.10026026072543938,
    0.1001072316550059,
    0.10019796383179347,
    0.10093107006851404,
    0.1005012533238476,
    0.10021403577918177,
    0.10054280546843147,
    0.1002245522993538,
    0.10066608266768488,
    0.10157508069023014,
    0.10337259283122527,
    0.10493611202866268,
    0.10035993308108825,
    0.10303040132458388,
    0.10119103486361022,
    0.10097913077344876,
    0.10028031100294481,
    0.10004874283847916,
    0.10058883449287809,
    0.10068216904503298,
    0.10015745790361537,
    0.10016911525836794,
    0.10051709606674364
  ],
  "grad_norm": [
    0.09270260442979633,
    0.07488214801065624,
    0.07301924609113485,
    0.07080045299604536,
    0.06778580400161445,
    0.06430061755236238,
    0.06157773082144558,
    0.05908573339693248,
    0.059632225269451736,
    0.053521147556602956,
    0.05569970279932022,
    0.049757167981006205,
    0.05015735761728138,
    0.05030574792530387,
    0.04842609795741737,
    0.048381947074085475,
    0.048866413435898724,
    0.05012367707211524,
    0.051255382355302574,
    0.053839734494686126,
    0.05728882879018784,
    0.05982613976113498,
    0.06346970664337277,
    0.0660667341761291,
    0.06745563535951078,
    0.07168998838402331,
    0.0763393204845488,
    0.07985663790255786,
    0.08040190398693085,
    0.08562254269607365,
    0.0880212244298309,
    0.0925124192237854,
    0.09639905905351043,
    0.10000592930242419,
    0.10250939461402594,
    0.1104008024930954,
    0.11722725374624134,
    0.1245234808512032,
    0.12558255802839993,
    0.13563669870607556,
    0.13432425746694207,
    0.14507312342524528,
    0.15301835568621755,
    0.1545329785719514,
    0.15276931459084153,
    0.15107250243425369,
    0.15658463755622506
  ],
  "training_time_seconds": 268.2,
  "training_time_human": "0h 4m 28s",
  "epochs_run": 47,
  "best_epoch": 7,
  "best_val_loss": 0.09868095995731181,
  "frame_name": "lfo1",
  "dataset_size": 14379,
  "hyperparameters": {
    "learning_rate": 0.001,
    "batch_size": 32,
    "dropout": 0.2,
    "patience": 40,
    "lr_scheduler": "plateau",
    "grad_clip": 1.0
  },
  "hardware": {
    "device": "cuda"
  }
}