{
  "train_loss": [
    2.070924316247304,
    1.98416819079717,
    1.9523738875389098,
    1.9323232169151305,
    1.9219226338068645,
    1.9084702288309734,
    1.8947706537246705,
    1.8879355185826618,
    1.8791182182629904,
    1.8743242632548014,
    1.8702205607096354,
    1.870522544701894,
    1.8642972167332967,
    1.8586716000239054,
    1.8543013138771056,
    1.8468823823928833,
    1.8437875299453734,
    1.8385605057080587,
    1.834084410985311,
    1.8268177364667257,
    1.820751083056132,
    1.8164997806549072,
    1.8105834180514018,
    1.8067786180178325,
    1.8016203904151917,
    1.798565463701884,
    1.790696173508962,
    1.7857008010546367,
    1.782284765879313,
    1.7757526639302572,
    1.7681032563845316,
    1.7650499116579692,
    1.7615545309384664,
    1.7561698940594992,
    1.7507600220044455,
    1.7476456240018208,
    1.7375356130599975,
    1.73382785542806,
    1.729210128625234,
    1.7253971721331278,
    1.7234397021929424,
    1.713720627784729,
    1.7088521989186605,
    1.7043386785189312,
    1.701342354297638,
    1.69356325451533,
    1.6886068215370178,
    1.682572004477183,
    1.6801053438186646,
    1.672099586804708,
    1.663946981271108,
    1.6608713467915852,
    1.655304884592692,
    1.645924400806427,
    1.647147784392039,
    1.6331277205149333,
    1.6252767632802327,
    1.6185813409487406,
    1.5612306880950928,
    1.5459369022051492,
    1.5305985848108927,
    1.5218636884689332,
    1.515010600566864,
    1.5047185331980388,
    1.4978400022188822,
    1.4760766528447469,
    1.4811175454457601,
    1.4661818518638612,
    1.4568628749847412,
    1.4040685831705728,
    1.3954978176752726,
    1.3878943076133727,
    1.3799544809659323,
    1.3700581779479981,
    1.3652472031911214,
    1.357101202329,
    1.3491552944978078,
    1.3407609590689342,
    1.3361484990119934,
    1.3234270403385162,
    1.291330855846405,
    1.2927079716523489,
    1.281898067077001,
    1.27731813510259,
    1.2737736770311991,
    1.262523158311844,
    1.2634350331624349
  ],
  "val_loss": [
    2.0831737569173177,
    2.3663463509877523,
    1.9783511861165364,
    1.955310817718506,
    2.8986915130615234,
    1.8914046872456869,
    1.9552876771291097,
    1.9826924641927084,
    1.8855681219100953,
    1.9263107061386109,
    2.005036545117696,
    2.0903917032877604,
    2.171236312866211,
    1.9119456170399984,
    1.921431427637736,
    1.8774009555180868,
    1.8333699261347454,
    1.858842953046163,
    1.8846783943176268,
    1.8873658622105915,
    1.9572748877207438,
    1.9172880687713623,
    1.8789907048543295,
    1.9352792326609294,
    1.8344048837025961,
    1.9643505770365397,
    1.879956727663676,
    1.8259252468744913,
    1.9145741316477458,
    1.9532327454884848,
    1.8047064949671427,
    2.053093623161316,
    1.854629368464152,
    1.77497230275472,
    1.8634387070337932,
    1.886838966369629,
    1.7792442111968994,
    1.7610397930145263,
    1.919197109858195,
    1.7580131867726645,
    1.8416737511952719,
    1.8249328517913819,
    1.9398997198740642,
    1.752699619293213,
    1.787620265007019,
    1.873750291188558,
    1.7447196420033773,
    1.88589927482605,
    1.8174643596013387,
    1.8151742232640584,
    1.8392274866104126,
    1.8893801994323731,
    1.9025524504979452,
    2.8665758679707847,
    2.001101373672485,
    1.8358941710789998,
    1.8075345001220704,
    1.8697858816782633,
    1.9927547976175943,
    1.8548082904815675,
    1.8943216371536256,
    1.939285561879476,
    1.9068010749816895,
    1.880136840502421,
    1.9656243782043457,
    2.004254327138265,
    1.9240477905273436,
    2.0750105215708414,
    2.1323468952178954,
    2.0502475026448566,
    2.069562726974487,
    2.107432884216309,
    2.0486354236602784,
    2.1832626628875733,
    2.1138947474161784,
    2.204773604075114,
    2.1484323151906333,
    2.339123134613037,
    2.388942971547445,
    2.3102959734598794,
    2.394335002263387,
    2.3764915529886883,
    2.4051846853892007,
    2.4012692324320475,
    2.4318251152038575,
    2.4289264831542967,
    2.4383539638519287
  ],
  "train_bypass_acc": [
    0.8044083447058995,
    0.850016678015391,
    0.8626500124136607,
    0.8703916791280111,
    0.8730083456039429,
    0.8749416785240174,
    0.8779916783173879,
    0.8791416778564453,
    0.8813250114123027,
    0.8823916785717011,
    0.8828416777451833,
    0.8829000125726064,
    0.8840416787465414,
    0.884775011698405,
    0.8860250120957692,
    0.8877000117301941,
    0.8887250114281973,
    0.8889333447615305,
    0.8901333447297414,
    0.8928833452860514,
    0.8934666793346405,
    0.8955916783014933,
    0.896941679239273,
    0.899083345413208,
    0.9004083446661632,
    0.9012250118255615,
    0.903716678460439,
    0.9054000126520793,
    0.9060000122388204,
    0.9078750115235646,
    0.9094500113328298,
    0.9105500121911366,
    0.912458344856898,
    0.9123000125090281,
    0.9145000131130219,
    0.9164416783650716,
    0.9169500124454498,
    0.9192833449840546,
    0.9198083442846934,
    0.9203166800340017,
    0.9213333461284637,
    0.922083345413208,
    0.9231750115553538,
    0.9238916788895924,
    0.9242083452542623,
    0.9253500114281972,
    0.9251750106016795,
    0.9265583446820577,
    0.9268000112374624,
    0.9280750117301941,
    0.9283583460648854,
    0.9300333456198374,
    0.928683344523112,
    0.9303166782061258,
    0.9289833454291025,
    0.930208344856898,
    0.9304000111420949,
    0.9304500115712484,
    0.9372250113487244,
    0.9366333453655243,
    0.9381583453814188,
    0.9375250119368236,
    0.9387083456516266,
    0.9383333451747894,
    0.9380750122070313,
    0.9392500123182933,
    0.9391750119527181,
    0.9388250116507212,
    0.9391333450476329,
    0.9423416782220204,
    0.9419583446184794,
    0.9415416784286499,
    0.9423916788101196,
    0.9419333449204763,
    0.941991678873698,
    0.9423166795571645,
    0.9421166785558065,
    0.9425666777292887,
    0.9424000113010407,
    0.9428666791121165,
    0.9438916790485382,
    0.9438416793346405,
    0.943050012588501,
    0.9437000126043955,
    0.9445416786670685,
    0.9450333459377289,
    0.9447416784763336
  ],