{
  "train_loss": [
    0.05378414136171341,
    0.04820530179142952,
    0.04666232109069824,
    0.045665923724571865,
    0.04463156363368034,
    0.04364781854053339,
    0.043185847029089924,
    0.042679996823271116,
    0.042168089133997756,
    0.041831450894474986,
    0.04145935341219107,
    0.04111263040701548,
    0.040821758014460405,
    0.04066567499190569,
    0.040433024098475774,
    0.04011477703601122,
    0.03984586653361718,
    0.03958980573217074,
    0.03948189346740643,
    0.039162346919377644,
    0.03898190519213676,
    0.038961696622272335,
    0.038723099534710245,
    0.03871921397497256,
    0.0383445091197888,
    0.03837741018583377,
    0.03816899873316288,
    0.0380691715007027,
    0.03783675621946653,
    0.03782995475083589,
    0.037647163314123946,
    0.037601322044928866,
    0.037421434613565605,
    0.03731389895329873,
    0.03722424066315095,
    0.03703056917091211,
    0.037050631773968536,
    0.036975939380625884,
    0.03697879514594873,
    0.03674340987950563,
    0.035907780940334005,
    0.035829842319091164,
    0.035597308330237866,
    0.03565846946587165,
    0.03564781050632397,
    0.035432497426867486,
    0.035438210691014924,
    0.035292925941447416,
    0.03519601962218682,
    0.03522404990096887,
    0.03522728092471759,
    0.035088412905732794,
    0.03512462450315555,
    0.0345830536360542,
    0.034509143436948456,
    0.034510839487115544,
    0.03443315703918536,
    0.03445604231705268,
    0.034466141449908415,
    0.0343763344163696,
    0.034330388036866985,
    0.0342879812369744,
    0.03423934235920509,
    0.03410908729831378,
    0.033921259649097917,
    0.03385947257031997,
    0.033850211044152576,
    0.033883107530574004,
    0.03389154123266538,
    0.033733909400800864,
    0.03382492326448361,
    0.03370580546557903,
    0.03380441713581483,
    0.03374302256604036,
    0.033792249826093516,
    0.03367028288294872,
    0.033613059838612874,
    0.03356887642045816,
    0.03357951999704043,
    0.033448558809856574,
    0.03353671899189552,
    0.033580990336835384
  ],
  "val_loss": [
    0.050432580043872195,
    0.04959526412685712,
    0.04879888686537743,
    0.04816271908084552,
    0.04687179832657178,
    0.04619624231259028,
    0.046731036434570945,
    0.04524015062053998,
    0.045189119547605516,
    0.04539140691359838,
    0.04484936933716138,
    0.04460798634092013,
    0.04403436471025149,
    0.045112947553396225,
    0.044103648096323014,
    0.043714883347352344,
    0.04316689879695575,
    0.04376174552241961,
    0.04224745811025302,
    0.0455056999027729,
    0.0443337022960186,
    0.04377938357988993,
    0.04563424790898959,
    0.043663495828708015,
    0.04427684661746025,
    0.04640307880441348,
    0.04262272410591443,
    0.0434245037039121,
    0.042089898804823556,
    0.04411309931675593,
    0.04327215466896693,
    0.0429921466310819,
    0.04271419428785642,
    0.042522171080112456,
    0.04381527705987295,
    0.042906042406956356,
    0.043006274491548535,
    0.04429449616869291,
    0.04680466095606486,
    0.042487317671378456,
    0.042139539817969,
    0.04141442089279493,
    0.042935105631748835,
    0.043251297841469444,
    0.04274374767144521,
    0.044037491470575334,
    0.041780988017718,
    0.042900779763857526,
    0.04279786385099093,
    0.04376867221792539,
    0.043893875936667125,
    0.04344471889734268,
    0.04271012330055237,
    0.04216733411947886,
    0.04247337197264035,
    0.04162522531549136,
    0.0445961953997612,
    0.043711496273676556,
    0.042612431784470876,
    0.04255775859951973,
    0.04337027462323507,
    0.04188386691610019,
    0.04241151155034701,
    0.04327165749669075,
    0.042819759706656135,
    0.043075432548920316,
    0.04281657449404399,
    0.044566258311271666,
    0.04261583356062571,
    0.04256648980577787,
    0.04233889026443163,
    0.04315906947851181,
    0.04240489410360654,
    0.04292737180987994,
    0.04216279670596123,
    0.04259536830584208,
    0.042180008659760154,
    0.04317802768945694,
    0.04495528787374496,
    0.04388513506452243,
    0.04252551804979642,
    0.042388112167517346
  ],
  "train_mse": [
    0.05378414136171341,
    0.04820530179142952,
    0.04666232109069824,
    0.045665923724571865,
    0.04463156363368034,
    0.04364781854053339,
    0.043185847029089924,
    0.042679996823271116,
    0.042168089133997756,
    0.041831450894474986,
    0.04145935341219107,
    0.04111263040701548,
    0.040821758014460405,
    0.04066567499190569,
    0.040433024098475774,
    0.04011477703601122,
    0.03984586653361718,
    0.03958980573217074,
    0.03948189346740643,
    0.039162346919377644,
    0.03898190519213676,
    0.038961696622272335,
    0.038723099534710245,
    0.03871921397497256,
    0.0383445091197888,
    0.03837741018583377,
    0.03816899873316288,
    0.0380691715007027,
    0.03783675621946653,
    0.03782995475083589,
    0.037647163314123946,
    0.037601322044928866,
    0.037421434613565605,
    0.03731389895329873,
    0.03722424066315095,
    0.03703056917091211,
    0.037050631773968536,
    0.036975939380625884,
    0.03697879514594873,
    0.03674340987950563,
    0.035907780940334005,
    0.035829842319091164,
    0.035597308330237866,
    0.03565846946587165,
    0.03564781050632397,
    0.035432497426867486,
    0.035438210691014924,
    0.035292925941447416,
    0.03519601962218682,
    0.03522404990096887,
    0.03522728092471759,
    0.035088412905732794,
    0.03512462450315555,
    0.0345830536360542,
    0.034509143436948456,
    0.034510839487115544,
    0.03443315703918536,
    0.03445604231705268,
    0.034466141449908415,
    0.0343763344163696,
    0.034330388036866985,
    0.0342879812369744,
    0.03423934235920509,
    0.03410908729831378,
    0.033921259649097917,
    0.03385947257031997,
    0.033850211044152576,
    0.033883107530574004,
    0.03389154123266538,
    0.033733909400800864,
    0.03382492326448361,
    0.03370580546557903,
    0.03380441713581483,
    0.03374302256604036,
    0.033792249826093516,
    0.03367028288294872,
    0.033613059838612874,
    0.03356887642045816,
    0.03357951999704043,
    0.033448558809856574,
    0.03353671899189552,
    0.033580990336835384
  ],