{
  "train_loss": [
    0.0583558256262975,
    0.05661557281747559,
    0.05648926509827967,
    0.05635182998630385,
    0.0561943512582621,
    0.056142964998617866,
    0.05607179858234544,
    0.055969996094111574,
    0.055896026606591334,
    0.05581634326387715,
    0.05567403290642808,
    0.05559770856669407,
    0.055354145731752284,
    0.05519574377315723,
    0.054962463208184334,
    0.05479529317443734,
    0.05468605397059428,
    0.05446307837272322,
    0.05412083506485484,
    0.053501217323817955,
    0.05339433585867187,
    0.05325685273732571,
    0.05305424941987391,
    0.052802139140714875,
    0.05287615214752046,
    0.05258389698057775,
    0.05242095608880978,
    0.0521635775830572,
    0.05198165660859733,
    0.051895978607681414,
    0.05158192624911567,
    0.05152701196686321,
    0.05131157174311726,
    0.05112926119210704,
    0.05115368727915334,
    0.050855859818048035,
    0.05088353847825764,
    0.05069612173844647,
    0.05073300065682424,
    0.05057776253053684,
    0.05051221819409472,
    0.05030216086680526,
    0.05021803870501108,
    0.05014273336786308,
    0.05009753257036209,
    0.050015664283210866,
    0.05000884401679828,
    0.04991672308930498
  ],
  "val_loss": [
    0.05798916316387669,
    0.057761477540857746,
    0.0579527375220463,
    0.05860468528128618,
    0.05742032238781847,
    0.0576088090260692,
    0.05741946978975605,
    0.05737971529265903,
    0.057602272005073285,
    0.05796569274948133,
    0.05783278692439692,
    0.057414028275486646,
    0.05776684089804327,
    0.057686486509659435,
    0.05792881087060796,
    0.05812275439303442,
    0.0580426769590141,
    0.058021306769539975,
    0.058425786282053055,
    0.058560329483242225,
    0.05867401619028571,
    0.05866332685217163,
    0.05909038270940844,
    0.059578134154049764,
    0.059654568920269706,
    0.05939113336387059,
    0.059721030196211985,
    0.059669213899910846,
    0.05982744296556277,
    0.06056852364875623,
    0.060322775400632266,
    0.06040027592059792,
    0.060844914777981526,
    0.06093918751703193,
    0.060952939709882865,
    0.061071076362535656,
    0.06111337686117911,
    0.061508750456650524,
    0.06122538420242189,
    0.06163851497386465,
    0.06184620666780219,
    0.06167002204830283,
    0.06193714408783723,
    0.062278605035401335,
    0.0616688761884803,
    0.062266345351737064,
    0.06194744264053193,
    0.06222853133615279
  ],
  "train_mse": [
    0.0583558256262975,
    0.05661557281747559,
    0.05648926509827967,
    0.05635182998630385,
    0.0561943512582621,
    0.056142964998617866,
    0.05607179858234544,
    0.055969996094111574,
    0.055896026606591334,
    0.05581634326387715,
    0.05567403290642808,
    0.05559770856669407,
    0.055354145731752284,
    0.05519574377315723,
    0.054962463208184334,
    0.05479529317443734,
    0.05468605397059428,
    0.05446307837272322,
    0.05412083506485484,
    0.053501217323817955,
    0.05339433585867187,
    0.05325685273732571,
    0.05305424941987391,
    0.052802139140714875,
    0.05287615214752046,
    0.05258389698057775,
    0.05242095608880978,
    0.0521635775830572,
    0.05198165660859733,
    0.051895978607681414,
    0.05158192624911567,
    0.05152701196686321,
    0.05131157174311726,
    0.05112926119210704,
    0.05115368727915334,
    0.050855859818048035,
    0.05088353847825764,
    0.05069612173844647,
    0.05073300065682424,
    0.05057776253053684,
    0.05051221819409472,
    0.05030216086680526,
    0.05021803870501108,
    0.05014273336786308,
    0.05009753257036209,
    0.050015664283210866,
    0.05000884401679828,
    0.04991672308930498
  ],
  "val_mse": [
    0.05798916316387669,
    0.057761477540857746,
    0.0579527375220463,
    0.05860468528128618,
    0.05742032238781847,
    0.0576088090260692,
    0.05741946978975605,
    0.05737971529265903,
    0.057602272005073285,
    0.05796569274948133,
    0.05783278692439692,
    0.057414028275486646,
    0.05776684089804327,
    0.057686486509659435,
    0.05792881087060796,
    0.05812275439303442,
    0.0580426769590141,
    0.058021306769539975,
    0.058425786282053055,
    0.058560329483242225,
    0.05867401619028571,
    0.05866332685217163,
    0.05909038270940844,
    0.059578134154049764,
    0.059654568920269706,
    0.05939113336387059,
    0.059721030196211985,
    0.059669213899910846,
    0.05982744296556277,
    0.06056852364875623,
    0.060322775400632266,
    0.06040027592059792,
    0.060844914777981526,
    0.06093918751703193,
    0.060952939709882865,
    0.061071076362535656,
    0.06111337686117911,
    0.061508750456650524,
    0.06122538420242189,
    0.06163851497386465,
    0.06184620666780219,
    0.06167002204830283,
    0.06193714408783723,
    0.062278605035401335,
    0.0616688761884803,
    0.062266345351737064,
    0.06194744264053193,
    0.06222853133615279
  ],
  "grad_norm": [
    0.07771333716563042,
    0.05459565078432591,
    0.05076863407003169,
    0.04655671926424993,
    0.04528451350745776,
    0.04367907323091235,
    0.04249819407597283,
    0.03883636237078945,
    0.039293699928664216,
    0.038173604608568924,
    0.038164369330204874,
    0.037367466615130566,
    0.03601943013190434,
    0.03657690745266463,
    0.03585547895867698,
    0.03637600679024561,
    0.03580012288413301,
    0.03699483201894539,
    0.03537013141179322,
    0.03419165497041301,
    0.035453948309484694,
    0.036025894509739434,
    0.03640423699078576,
    0.03737251331030533,
    0.037002253993753564,
    0.03774240393413613,
    0.03947352222012763,
    0.03888024552571063,
    0.040151663395940076,
    0.04157163068306762,
    0.040604374032245566,
    0.0423605903391017,
    0.042706836557743565,
    0.04252748149416304,
    0.042941174303360335,
    0.04365133407790929,
    0.0451581288523824,
    0.04506372366816003,
    0.0468258455099649,
    0.046808984895415656,
    0.048152945615005806,
    0.04833306759497188,
    0.049452902095404684,
    0.04927225245643925,
    0.04983523263540489,
    0.04942727634152829,
    0.05063755857135287,
    0.05030748896942233
  ],
  "training_time_seconds": 109.8,
  "training_time_human": "0h 1m 49s",
  "epochs_run": 48,
  "best_epoch": 8,
  "best_val_loss": 0.05737971529265903,
  "frame_name": "reverb",
  "dataset_size": 5436,
  "hyperparameters": {
    "learning_rate": 0.001,
    "batch_size": 32,
    "dropout": 0.2,
    "patience": 40,
    "lr_scheduler": "plateau",
    "grad_clip": 1.0
  },
  "hardware": {
    "device": "cuda"
  }
}