{
  "meta": {
    "experiment": "Exp015",
    "dataset_path": "datasets/S03D15",
    "config_hash": "ddac4a41",
    "evaluated_at": "2026-06-18T20:14:15.763437",
    "frame": null
  },
  "door": {
    "val_loss": 1.8120929222106934,
    "bypass_accuracy": {
      "bypass_osc_b": 0.9215,
      "bypass_noise": 0.9805,
      "bypass_filter": 0.9685,
      "bypass_reverb": 0.8545,
      "bypass_delay": 0.82
    },
    "overall_bypass_accuracy": 0.9090000000000001,
    "lfo_count_accuracy": 0.245,
    "lfo_confusion_matrix": [
      [
        208,
        73,
        46,
        43,
        34
      ],
      [
        166,
        74,
        58,
        65,
        69
      ],
      [
        133,
        69,
        56,
        77,
        74
      ],
      [
        84,
        60,
        64,
        63,
        103
      ],
      [
        110,
        56,
        58,
        68,
        89
      ]
    ],
    "training": {
      "epochs_run": 83,
      "best_epoch": 43,
      "best_val_loss": 1.8120929222106934,
      "dataset_size": 18000,
      "hyperparameters": {
        "learning_rate": 0.001,
        "batch_size": 32,
        "dropout": 0.2,
        "patience": 40,
        "lr_scheduler": "plateau",
        "grad_clip": 1.0
      },
      "hardware": {
        "device": "cuda"
      }
    },
    "val": {
      "loss": 1.8120929222106934,
      "bypass_accuracy": {
        "bypass_osc_b": 0.9215,
        "bypass_noise": 0.9805,
        "bypass_filter": 0.9685,
        "bypass_reverb": 0.8545,
        "bypass_delay": 0.82
      },
      "per_flag_precision": {
        "bypass_osc_b": 0.9424736337488016,
        "bypass_noise": 0.9846768820786143,
        "bypass_filter": 0.9711084905660378,
        "bypass_reverb": 0.8752136752136752,
        "bypass_delay": 0.8247950819672131
      },
      "per_flag_recall": {
        "bypass_osc_b": 0.9101851851851852,
        "bypass_noise": 0.9892904953145917,
        "bypass_filter": 0.99157134256472,
        "bypass_reverb": 0.9552238805970149,
        "bypass_delay": 0.9889434889434889
      },
      "per_flag_f1": {
        "bypass_osc_b": 0.9260480452190297,
        "bypass_noise": 0.9869782971619365,
        "bypass_filter": 0.9812332439678284,
        "bypass_reverb": 0.9134701159678859,
        "bypass_delay": 0.8994413407821229
      },
      "lfo_count_accuracy": 0.245,
      "lfo_macro_f1": 0.23044276620637608,
      "lfo_weighted_f1": 0.23039598182595103,
      "lfo_confusion_matrix": [
        [
          208,
          73,
          46,
          43,
          34
        ],
        [
          166,
          74,
          58,
          65,
          69
        ],
        [
          133,
          69,
          56,
          77,
          74
        ],
        [
          84,
          60,
          64,
          63,
          103
        ],
        [
          110,
          56,
          58,
          68,
          89
        ]
      ]
    },
    "test": {
      "bypass_accuracy": {
        "bypass_osc_b": 0.913,
        "bypass_noise": 0.98,
        "bypass_filter": 0.964,
        "bypass_reverb": 0.863,
        "bypass_delay": 0.811
      },
      "per_flag_precision": {
        "bypass_osc_b": 0.9265967588179218,
        "bypass_noise": 0.988674217188541,
        "bypass_filter": 0.971830985915493,
        "bypass_reverb": 0.8867924528301887,
        "bypass_delay": 0.8154639175257732
      },
      "per_flag_recall": {
        "bypass_osc_b": 0.9092609915809168,
        "bypass_noise": 0.9847378898473789,
        "bypass_filter": 0.9857142857142858,
        "bypass_reverb": 0.9532882606023356,
        "bypass_delay": 0.9875156054931336
      },
      "per_flag_f1": {
        "bypass_osc_b": 0.9178470254957507,
        "bypass_noise": 0.9867021276595744,
        "bypass_filter": 0.9787234042553191,
        "bypass_reverb": 0.9188388625592417,
        "bypass_delay": 0.8932806324110671
      },
      "lfo_count_accuracy": 0.2585,
      "lfo_macro_f1": 0.24674174988774517,
      "lfo_weighted_f1": 0.2457148493278398,
      "lfo_confusion_matrix": [
        [
          192,
          78,
          48,
          40,
          32
        ],
        [
          142,
          77,
          63,
          70,
          61
        ],
        [
          125,
          82,
          63,
          62,
          79
        ],
        [
          97,
          50,
          75,
          56,
          112
        ],
        [
          85,
          62,
          51,
          69,
          129
        ]
      ]
    },
    "latency": {
      "mean_ms": 66.18441164493561,
      "std_ms": 39.565002688032806,
      "device": "cpu",
      "runs": 500
    }
  },
  "frames": {
    "osc_a": {
      "val_loss": 0.029431331252294874,
      "mse_per_param": {
        "osc_a_waveform": 0.026576239615678787,
        "osc_a_warp_amt": 0.05346258729696274,
        "osc_a_warp_type": 0.01961490325629711,
        "osc_a_detune": 0.037895094603300095,
        "osc_a_blend": 0.01582762971520424,
        "osc_a_pitch_coarse": 0.002225827891379595,
        "osc_a_pitch_fine": 0.0811038389801979,
        "osc_a_level": 0.01825876533985138,
        "osc_a_harmonic2": 0.019488394260406494,
        "osc_a_harmonic3": 0.019968528300523758
      },
      "mae_per_param": {
        "osc_a_waveform": 0.1240045502781868,
        "osc_a_warp_amt": 0.18149414658546448,
        "osc_a_warp_type": 0.08077503740787506,
        "osc_a_detune": 0.13152459263801575,
        "osc_a_blend": 0.08954768627882004,
        "osc_a_pitch_coarse": 0.035167042165994644,
        "osc_a_pitch_fine": 0.24591195583343506,
        "osc_a_level": 0.11524086445569992,
        "osc_a_harmonic2": 0.11973736435174942,
        "osc_a_harmonic3": 0.12153726071119308
      },
      "overall_mse": 0.029442178085446358,
      "overall_mae": 0.1244940534234047,
      "training": {
        "epochs_run": 166,
        "best_epoch": 126,
        "best_val_loss": 0.029180221855640412,
        "dataset_size": 18000,
        "hyperparameters": {
          "learning_rate": 0.001,
          "batch_size": 32,
          "dropout": 0.2,
          "patience": 40,
          "lr_scheduler": "plateau",
          "grad_clip": 1.0
        },
        "hardware": {
          "device": "cuda"
        }
      }
    },
    "osc_b": {
      "val_loss": 0.059044209019891145,
      "mse_per_param": {
        "osc_b_waveform": 0.04656999930739403,
        "osc_b_warp_amt": 0.07782097905874252,
        "osc_b_warp_type": 0.07699889689683914,
        "osc_b_detune": 0.06439970433712006,
        "osc_b_blend": 0.03948163613677025,
        "osc_b_pitch_coarse": 0.024527961388230324,
        "osc_b_pitch_fine": 0.08195073902606964,
        "osc_b_level": 0.022398274391889572,
        "osc_b_phase": 0.08032616972923279,
        "osc_b_semitone_ofs": 0.076094850897789
      },
      "mae_per_param": {
        "osc_b_waveform": 0.1775612086057663,
        "osc_b_warp_amt": 0.23591889441013336,
        "osc_b_warp_type": 0.2052805870771408,
        "osc_b_detune": 0.2046859860420227,
        "osc_b_blend": 0.1502903252840042,
        "osc_b_pitch_coarse": 0.12658913433551788,
        "osc_b_pitch_fine": 0.24754124879837036,
        "osc_b_level": 0.13051043450832367,
        "osc_b_phase": 0.24242159724235535,
        "osc_b_semitone_ofs": 0.22943875193595886
      },
      "overall_mse": 0.05905691534280777,
      "overall_mae": 0.1950238198041916,
      "training": {
        "epochs_run": 140,
        "best_epoch": 100,
        "best_val_loss": 0.058544318572932554,
        "dataset_size": 8289,
        "hyperparameters": {
          "learning_rate": 0.001,
          "batch_size": 32,
          "dropout": 0.2,
          "patience": 40,
          "lr_scheduler": "plateau",
          "grad_clip": 1.0
        },
        "hardware": {
          "device": "cuda"
        }
      }
    },
    "noise": {
      "val_loss": 0.013259519822895527,