{
  "train_loss": [
    2.1057410225868227,
    2.0202676451206205,
    1.9881079058647155,
    1.9665460906028747,
    1.9506859381198882,
    1.943665855884552,
    1.93358243393898,
    1.9302583553791046,
    1.9212552328109742,
    1.9150944018363953,
    1.9116158244609833,
    1.9069699263572693,
    1.9051473624706268,
    1.8957848718166352,
    1.8910739402770995,
    1.881862445831299,
    1.878412246465683,
    1.8774884066581725,
    1.8741568369865418,
    1.86539062666893,
    1.862082020521164,
    1.8567084357738495,
    1.8553512852191925,
    1.8508584153652192,
    1.843201411485672,
    1.8367260484695433,
    1.8314113035202026,
    1.8287537472248077,
    1.8244985325336456,
    1.81700013923645,
    1.8128478739261626,
    1.8122888414859772,
    1.8043077478408813,
    1.802602063894272,
    1.7968254277706146,
    1.7969596960544587,
    1.7844824163913726,
    1.786629120826721,
    1.7841206953525544,
    1.7791948385238647,
    1.7730664143562316,
    1.762166916847229,
    1.7587503321170808,
    1.7548685421943664,
    1.7543981640338897,
    1.7460248308181763,
    1.7456813688278199,
    1.7354958708286286,
    1.7224846363067627,
    1.7257204003334046,
    1.7165478727817536,
    1.7112159879207611,
    1.712116767168045,
    1.6973787558078766,
    1.6939035968780518,
    1.6823532557487488,
    1.673140550851822,
    1.6731039309501647,
    1.6629076459407806,
    1.6460905771255494,
    1.6434752571582794,
    1.624614065170288,
    1.6321356053352356,
    1.620613133430481,
    1.6060860073566436,
    1.5911720170974732,
    1.59963356757164,
    1.5871769082546234,
    1.5624212176799774,
    1.559454808950424,
    1.543163813352585,
    1.5464842224121094,
    1.5291979529857636,
    1.520620374917984,
    1.511232328414917,
    1.5025233376026152,
    1.492000943660736,
    1.4700630657672882,
    1.4750884943008422,
    1.4396216659545897,
    1.4510635645389558,
    1.4348999853134154,
    1.4242060782909394,
    1.4140212607383729,
    1.4047293710708617,
    1.391961638212204,
    1.3771582788228989
  ],
  "val_loss": [
    2.0352264518737795,
    2.0879067001342775,
    1.9974892892837524,
    1.964161478996277,
    1.959839521408081,
    2.021250623703003,
    1.987368200302124,
    1.9170670280456543,
    2.2761401805877686,
    1.9407872648239135,
    1.982891276359558,
    1.9544377250671388,
    2.203058087348938,
    2.366595304489136,
    2.01790038394928,
    2.091625072479248,
    2.0423357372283935,
    1.894997338294983,
    1.9042273454666139,
    1.9371930828094484,
    1.9654639348983765,
    1.9373649826049806,
    1.9121249694824218,
    1.9040709381103516,
    2.0258826398849488,
    2.01119309425354,
    1.935130002975464,
    1.8838133211135863,
    1.853459698677063,
    1.9147989721298218,
    1.8428630266189576,
    2.0053191890716553,
    1.8740052213668823,
    2.4322310638427735,
    1.905109535217285,
    1.87416978931427,
    1.8591746253967285,
    1.9108687162399292,
    1.860793354034424,
    1.8518313808441162,
    1.8694709072113036,
    1.8389255933761597,
    1.8344360675811768,
    1.8427218255996705,
    1.939042760848999,
    1.8269330463409423,
    1.8160597248077393,
    1.8858781051635742,
    2.057183950424194,
    1.9257608451843262,
    1.8485583429336547,
    2.153905237197876,
    1.9079655456542968,
    1.9021235828399659,
    1.866977165222168,
    1.9422802658081055,
    2.024319610595703,
    1.867508240699768,
    1.8848431549072266,
    1.9124312372207641,
    1.9273505039215089,
    1.999783742904663,
    1.90187375164032,
    1.9340373783111573,
    2.071703763008118,
    1.8992675266265868,
    2.1556604356765745,
    2.028658042907715,
    2.0963867197036743,
    1.9718366394042968,
    2.1524894132614136,
    2.028516212463379,
    2.0294837636947634,
    2.3287781562805177,
    2.244708041191101,
    2.0734029102325437,
    2.195998879432678,
    2.2683825092315675,
    2.055854895591736,
    2.486932563781738,
    2.3832939453125,
    2.2470554428100584,
    2.420602780342102,
    2.308233606338501,
    2.2796697845458986,
    2.3473827495574953,
    2.3387105655670166
  ],
  "train_bypass_acc": [
    0.783075012922287,
    0.8327000108957291,
    0.8494000109434128,
    0.8591125118732452,
    0.8653250116109849,
    0.8672625114917755,
    0.8712250109910965,
    0.8709875135421753,
    0.8740125119686126,
    0.8766500113010407,
    0.8768250120878219,
    0.8780750114917755,
    0.8784500123262405,
    0.8792875102758407,
    0.8804250115156174,
    0.8814625123739243,
    0.8828625106811523,
    0.8820875118970871,
    0.8828250110149384,
    0.8846750115156173,
    0.8849375102519988,
    0.8853375107049942,
    0.8872875114679336,
    0.8868625116348267,
    0.8899625121355057,
    0.891775012254715,
    0.8936000138521194,
    0.8943375122547149,
    0.8957125115394592,
    0.8971250097751617,
    0.8982875121831894,
    0.8992125113010406,
    0.9001250128746032,
    0.9009250115156173,
    0.9018875111341477,
    0.902500011920929,
    0.9049375112056732,
    0.9044250119924545,
    0.9047625113725662,
    0.9057875109910964,
    0.9073000109195709,
    0.9083625111579895,
    0.9089875116348266,
    0.9093250117301941,
    0.9088250111341476,
    0.9103625115156174,
    0.9103375118970871,
    0.9124750125408173,
    0.912675011396408,
    0.9129500114917755,
    0.9129875106811524,
    0.9143875114917756,
    0.9127250131368637,
    0.9146250115633011,
    0.914475012421608,
    0.9147125120162964,
    0.9160375123023987,
    0.9161625126600266,
    0.9150250117778778,
    0.9168375118970871,
    0.9168875116109848,
    0.9187625110149383,
    0.9173875118494034,
    0.9161500116586685,
    0.9176625117063523,
    0.9177750115394592,
    0.917375012755394,
    0.9190125113725662,
    0.9188000127077103,
    0.9201500123739242,
    0.9189250105619431,
    0.9195125118494034,
    0.9209375110864639,
    0.9201250115633011,
    0.920525010228157,
    0.9200750120878219,
    0.9207625119686127,
    0.9205375121831894,
    0.9208375111818313,
    0.9216750111579896,
    0.9210125126838684,
    0.9223875117301941,
    0.9205875122547149,
    0.9214500139951706,
    0.9233500125408173,
    0.9215375121831894,
    0.9219000118970871
  ],