{
  "train_loss": [
    2.094738114595413,
    2.0204150371551512,
    1.9875681583881377,
    1.9655386865139008,
    1.9445686666965485,
    1.9334222502708436,
    1.9203462629318238,
    1.9156329119205475,
    1.9062571594715119,
    1.8985338513851167,
    1.8926967329978943,
    1.8892244925498962,
    1.8814328601360322,
    1.879847297668457,
    1.8743031446933747,
    1.872262085199356,
    1.8679823546409606,
    1.8623734526634217,
    1.8585245320796966,
    1.8509299261569976,
    1.8508971393108369,
    1.8452141358852387,
    1.8434043700695038,
    1.8422867324352263,
    1.8402650651931762,
    1.834345722913742,
    1.8301726455688476,
    1.8282329063415528,
    1.8207072656154633,
    1.8150534152984619,
    1.8129462442398072,
    1.815238831281662,
    1.8073217213153838,
    1.7973712666034698,
    1.7968467786312103,
    1.7918882114887238,
    1.7842515437602997,
    1.7771297109127044,
    1.7465583622455596,
    1.7340794682502747,
    1.7326780989170074,
    1.7255628931522369,
    1.7143864538669586,
    1.7083775911331176,
    1.7052773053646089,
    1.6978560276031494,
    1.6914643754959107,
    1.6854556815624238,
    1.6775442428588867,
    1.6733853724002838,
    1.6690034482479095,
    1.6588401386737823,
    1.662662989616394,
    1.6514961903095244,
    1.6139226171970367,
    1.602133354663849,
    1.5948356323242188,
    1.59387299990654,
    1.5795079612731933,
    1.5767977857589721,
    1.572558453321457,
    1.5605546154975891,
    1.558264970779419,
    1.550860720872879,
    1.5435504596233367,
    1.5158921253681183,
    1.5072995436191559,
    1.505358998775482,
    1.49932687997818,
    1.4958925068378448,
    1.4911978862285613,
    1.488879442691803,
    1.4799688448905945,
    1.4806215264797211,
    1.4742251546382905,
    1.4728034825325012,
    1.4510035684108735,
    1.4498118662834167,
    1.4539350945949554,
    1.4376945593357087,
    1.4347158360481262,
    1.4384467153549194,
    1.4303605568408966
  ],
  "val_loss": [
    2.084965536117554,
    2.014334927558899,
    2.0597388668060304,
    2.0490823583602906,
    1.9471158227920533,
    2.0568502893447875,
    2.3850153179168703,
    2.0993917636871338,
    1.9072150001525878,
    1.920432173728943,
    1.9208654270172119,
    2.0565166482925417,
    1.910541480064392,
    1.9031928691864013,
    2.0588530626296997,
    1.9326894388198852,
    1.9271244707107544,
    1.8803343811035156,
    1.9578338422775268,
    1.9073645935058594,
    2.1518318271636963,
    1.8844300575256347,
    1.8963214836120605,
    1.9056372499465943,
    1.8783465461730957,
    1.8699962377548218,
    1.8465720367431642,
    2.037033452987671,
    1.9277710514068604,
    1.9103234329223633,
    1.987050542831421,
    1.8816267404556275,
    1.8657847995758057,
    1.8774248523712158,
    1.939361517906189,
    1.8666202020645142,
    1.9213743934631347,
    1.8726521701812744,
    1.8444123363494873,
    1.8438201255798339,
    1.8127829103469848,
    1.997576241493225,
    1.8120929222106934,
    1.8166533203125,
    1.898366042137146,
    1.8342726354599,
    1.855549976348877,
    1.8403201208114623,
    1.8557027244567872,
    1.8814054498672486,
    1.8965322036743164,
    1.9862701435089112,
    1.8360077114105224,
    1.9183653345108032,
    1.8704463176727295,
    1.8756598291397095,
    1.935766990661621,
    1.9800572814941406,
    1.9367736778259277,
    2.0480414180755617,
    1.9172828693389892,
    1.9494753704071044,
    1.9592134466171265,
    1.9379558954238891,
    1.952143451690674,
    1.9988857975006105,
    2.03151566696167,
    2.000566680908203,
    2.0247611122131346,
    2.0312351026535036,
    2.0309291648864747,
    2.080537441253662,
    2.0669375400543215,
    2.0992164192199705,
    2.1181713485717775,
    2.1498283596038816,
    2.09987575340271,
    2.0961606073379517,
    2.085202952384949,
    2.180870792388916,
    2.1624076900482176,
    2.1648402938842772,
    2.172592613220215
  ],
  "train_bypass_acc": [
    0.792212512075901,
    0.8322375113964081,
    0.8477625118494034,
    0.8569375134706497,
    0.865812510728836,
    0.8684750126600266,
    0.8719750111103057,
    0.8734000111818314,
    0.8751250122785568,
    0.8757750108242035,
    0.8773500107526779,
    0.879137513756752,
    0.8802375104427338,
    0.8805625118017196,
    0.8813250122070313,
    0.8812875127792359,
    0.8826000111103058,
    0.8836875113248825,
    0.8844000113010406,
    0.8856750115156173,
    0.8856875123977661,
    0.8855250120162964,
    0.8860750116109848,
    0.886125011920929,
    0.8866750109195709,
    0.8874375109672547,
    0.8879500108957291,
    0.8899625116586685,
    0.8901375130414962,
    0.8914375101327896,
    0.8920250105857849,
    0.8921000123023987,
    0.8938750118017197,
    0.8952125117778779,
    0.8946000128984452,
    0.8963625112771988,
    0.8977000131607056,
    0.8977375112771988,
    0.905125011563301,
    0.9060500108003616,
    0.9068875106573104,
    0.9074750121831894,
    0.9079125123023987,
    0.9079875130653381,
    0.909387511730194,
    0.9084875112771988,
    0.9089375123977661,
    0.9108875101804733,
    0.911162512421608,
    0.9104125119447708,
    0.9109875116348266,
    0.9113875125646591,
    0.9109125123023987,
    0.9119125111103058,
    0.9147000114917755,
    0.9146375105381012,
    0.9150250133275986,
    0.9146625126600265,
    0.9165125124454498,
    0.9159375110864639,
    0.9153000124692917,
    0.9161500129699707,
    0.9160625126361847,
    0.9159000115394592,
    0.915687511920929,
    0.9179875128269196,
    0.9179625126123429,
    0.9179500124454498,
    0.9174000118970871,
    0.9172500116825104,
    0.9184500111341476,
    0.918450012087822,
    0.9181750108003617,
    0.9183000122308731,
    0.9174250128269196,
    0.9180500124692916,
    0.9190500111579895,
    0.9188750126361847,
    0.918737512588501,
    0.9199625123739242,
    0.9193500119447708,
    0.9189625109434127,
    0.9197000119686126
  ],