{
  "train_loss": [
    0.10392521485764393,
    0.10107197827628932,
    0.09856168620971076,
    0.0968716065713635,
    0.09539466211180356,
    0.09460392622142552,
    0.0943434683137779,
    0.09314832698428974,
    0.09184464700348476,
    0.09191072975948385,
    0.09123398291415329,
    0.09045114092870764,
    0.08936036023186637,
    0.08973404704667812,
    0.08871291398325287,
    0.08809605056125057,
    0.08667749737262044,
    0.08642883185277728,
    0.08595132332354931,
    0.0854373654489368,
    0.08578223169408414,
    0.08417746769931367,
    0.08362921264998133,
    0.08258751300718929,
    0.08186773716934867,
    0.08131490618449573,
    0.08133286772520935,
    0.08000320155094857,
    0.07926799672495587,
    0.07839898274179412,
    0.07800817248962107,
    0.07715905485185191,
    0.07701557480675542,
    0.07674230247551399,
    0.07328406750223496,
    0.07270405037934692,
    0.07241515855959943,
    0.07129060602673694,
    0.07143408442600882,
    0.07040712602255514,
    0.07047133875973209,
    0.06978469119315983,
    0.06927601222705515,
    0.06979588032767416,
    0.06899835495640592,
    0.06825021844151968,
    0.06845820359134364,
    0.06758865984669939,
    0.06716700998851188,
    0.06716585430845072,
    0.06599905024530661,
    0.06640652490950433,
    0.06514510080604037,
    0.06534404324878487,
    0.06351081927984181,
    0.06312461442297672,
    0.06302470647654061,
    0.06258551237700344,
    0.062453023046941364,
    0.062497190466159216,
    0.061842655339741946,
    0.06154517575741117,
    0.06163257282959084,
    0.061369308266816525,
    0.06091677417958826,
    0.06050837760335948,
    0.06030867851966522,
    0.05994977332487151,
    0.05984114478029428,
    0.059894606491176026,
    0.059807662546104604,
    0.05934430047223658,
    0.05942181522245253,
    0.05934873125691139,
    0.058777656012160145,
    0.05917157204778815,
    0.05826646754036295,
    0.05836565728845512,
    0.05831691901139916,
    0.058201577536299134,
    0.0585000249705836,
    0.05836325063378599,
    0.05801534986725985
  ],
  "val_loss": [
    0.10467218235608432,
    0.1054397075232284,
    0.10171159074713951,
    0.10383116971734518,
    0.10508056609800234,
    0.10206592530769495,
    0.09669519426937782,
    0.09872977394880454,
    0.11057227484531597,
    0.09443018935724923,
    0.09545778681960766,
    0.10402872627352518,
    0.09441837962844624,
    0.10968914182130082,
    0.09752108061063698,
    0.09413673787400259,
    0.10023955721526467,
    0.09559046625712321,
    0.10031553631437778,
    0.1053537703775996,
    0.10430574721007062,
    0.11285622928201622,
    0.08831825016452215,
    0.09095873703571862,
    0.13540327429695687,
    0.09165842000873146,
    0.09455103424331587,
    0.09687899117472817,
    0.09829562007812866,
    0.11282216731974858,
    0.09806906039976862,
    0.0972019845697901,
    0.09753045572259071,
    0.09339135665602727,
    0.08858351632858019,
    0.0924898949765341,
    0.09610715960986732,
    0.08980276174322623,
    0.08963447659639724,
    0.09071537861754359,
    0.09026424412578912,
    0.09883958861477947,
    0.08706262206902497,
    0.09338236982630048,
    0.09810809769313854,
    0.09486433752875165,
    0.09062690468649398,
    0.08747704646146585,
    0.09952039708971523,
    0.09404891993485988,
    0.11286348983967319,
    0.09071283236505721,
    0.11207330299794598,
    0.10499616779547938,
    0.11244772044229387,
    0.10182370063689036,
    0.0932184183612712,
    0.08943276478420219,
    0.09132346810046418,
    0.0933701456861696,
    0.09032009852508123,
    0.10031795841576638,
    0.09000075812033807,
    0.10554314138701486,
    0.08938959570367273,
    0.09390458546985968,
    0.08939859502045899,
    0.09037908247117014,
    0.09122986319975447,
    0.09077901612811046,
    0.08968655893808702,
    0.0898904103544343,
    0.08894614326226817,
    0.08915687534186559,
    0.09174409148009942,
    0.08959429581404642,
    0.08812340242927835,
    0.09172364293089967,
    0.09008989208573157,
    0.08889188671430154,
    0.08934419112708396,
    0.09554665185406974,
    0.09152432679751323
  ],
  "train_mse": [
    0.10392521485764393,
    0.10107197827628932,
    0.09856168620971076,
    0.0968716065713635,
    0.09539466211180356,
    0.09460392622142552,
    0.0943434683137779,
    0.09314832698428974,
    0.09184464700348476,
    0.09191072975948385,
    0.09123398291415329,
    0.09045114092870764,
    0.08936036023186637,
    0.08973404704667812,
    0.08871291398325287,
    0.08809605056125057,
    0.08667749737262044,
    0.08642883185277728,
    0.08595132332354931,
    0.0854373654489368,
    0.08578223169408414,
    0.08417746769931367,
    0.08362921264998133,
    0.08258751300718929,
    0.08186773716934867,
    0.08131490618449573,
    0.08133286772520935,
    0.08000320155094857,
    0.07926799672495587,
    0.07839898274179412,
    0.07800817248962107,
    0.07715905485185191,
    0.07701557480675542,
    0.07674230247551399,
    0.07328406750223496,
    0.07270405037934692,
    0.07241515855959943,
    0.07129060602673694,
    0.07143408442600882,
    0.07040712602255514,
    0.07047133875973209,
    0.06978469119315983,
    0.06927601222705515,
    0.06979588032767416,
    0.06899835495640592,
    0.06825021844151968,
    0.06845820359134364,
    0.06758865984669939,
    0.06716700998851188,
    0.06716585430845072,
    0.06599905024530661,
    0.06640652490950433,
    0.06514510080604037,
    0.06534404324878487,
    0.06351081927984181,
    0.06312461442297672,
    0.06302470647654061,
    0.06258551237700344,
    0.062453023046941364,
    0.062497190466159216,
    0.061842655339741946,
    0.06154517575741117,
    0.06163257282959084,
    0.061369308266816525,
    0.06091677417958826,
    0.06050837760335948,
    0.06030867851966522,
    0.05994977332487151,
    0.05984114478029428,
    0.059894606491176026,
    0.059807662546104604,
    0.05934430047223658,
    0.05942181522245253,
    0.05934873125691139,
    0.058777656012160145,
    0.05917157204778815,
    0.05826646754036295,
    0.05836565728845512,
    0.05831691901139916,
    0.058201577536299134,
    0.0585000249705836,
    0.05836325063378599,
    0.05801534986725985
  ],