{
  "train_loss": [
    0.08262767344713211,
    0.08237301021814346,
    0.08129302114248275,
    0.07905738174915314,
    0.07610500320792198,
    0.07323353677988052,
    0.06986582159996033,
    0.06709093019366265,
    0.06465234644711018,
    0.061216043904423714,
    0.060149938240647315,
    0.0587119210511446,
    0.05658484272658825,
    0.054785821735858914,
    0.05352577239274978,
    0.05175952762365341,
    0.050908846482634544,
    0.05017169997096062,
    0.048726993054151534,
    0.04801462545990944,
    0.04669343717396259,
    0.04605678550899029,
    0.0451144353300333,
    0.04427597865462303,
    0.0437281297147274,
    0.04230432525277138,
    0.04115860223770142,
    0.04096386305987835,
    0.039684566408395766,
    0.038846789002418516,
    0.03801318496465683,
    0.03685147307813168,
    0.03619085613638163,
    0.03513069622218609,
    0.033815005496144294,
    0.0335990185290575,
    0.0325189021974802,
    0.031114232540130616,
    0.02961152173578739,
    0.028601916022598744,
    0.0282693287730217,
    0.027741434723138808,
    0.026586463004350663,
    0.025081251598894596,
    0.0239445398747921,
    0.022951250821352007,
    0.022609231360256672
  ],
  "val_loss": [
    0.08596887975931168,
    0.0861743524670601,
    0.08155390441417694,
    0.07991462975740432,
    0.07741990029811859,
    0.0735149946808815,
    0.07040322810411453,
    0.06891672253608704,
    0.06581485718488693,
    0.06391757309436798,
    0.062041941285133365,
    0.06137747436761856,
    0.05951138436794281,
    0.05710512608289719,
    0.05725664049386978,
    0.055578633397817614,
    0.05530920490622521,
    0.05375501275062561,
    0.05319310650229454,
    0.054014091938734056,
    0.05300268813967705,
    0.05364901646971702,
    0.05441484048962593,
    0.05479610770940781,
    0.05295863300561905,
    0.05232300639152527,
    0.052193015664815906,
    0.05394827142357826,
    0.05342231661081314,
    0.05339371085166931,
    0.05320928975939751,
    0.053318772464990616,
    0.05502636656165123,
    0.05480855420231819,
    0.0553170408308506,
    0.05633461371064186,
    0.055832622349262236,
    0.05714124992489815,
    0.05746137350797653,
    0.05899765819311142,
    0.060878545939922334,
    0.06033022090792656,
    0.05968836784362793,
    0.060662605464458466,
    0.05918199971318245,
    0.061493758112192154,
    0.060899178236722945
  ]
}