{
  "train_loss": [
    0.045617862382073576,
    0.04349967707858125,
    0.04340045241039989,
    0.0431739017842653,
    0.04303952886690613,
    0.04292792280799116,
    0.04278518475290573,
    0.04277105805793104,
    0.042737231335409714,
    0.04253582401611681,
    0.0423640102480759,
    0.04228290762822769,
    0.04200863528232964,
    0.04145727474758712,
    0.04136545908605795,
    0.04120146911845326,
    0.04104078866892117,
    0.04094081115939651,
    0.04068569737386976,
    0.040575508875596175,
    0.04032327231139377,
    0.04004991475986034,
    0.0400101437499305,
    0.039739264595681646,
    0.03934829114467968,
    0.03911916645398643,
    0.03902807703599812,
    0.038952730479701415,
    0.038911529733511356,
    0.03876936312943526,
    0.03855679803386534,
    0.03856241341731095,
    0.03843225365536582,
    0.038304434448408496,
    0.03826381140001351,
    0.03796728563671575,
    0.0379058412422483,
    0.037793023984599,
    0.03774343666674228,
    0.03770067317889052,
    0.037740853680252665,
    0.03758667306167357
  ],
  "val_loss": [
    0.041486801291015785,
    0.041482197094551275,
    0.042083593164111525,
    0.04172057354114425,
    0.043767117750896534,
    0.041597176290733714,
    0.04218690107825776,
    0.04210083113170006,
    0.0419925005817917,
    0.04184692426466606,
    0.041729709054802507,
    0.04221107107652745,
    0.04231042467372518,
    0.042370578615178525,
    0.04350307730721756,
    0.04256091408536468,
    0.04290391342111037,
    0.04336227954063617,
    0.043075334648011436,
    0.04345789583216251,
    0.043079587775216976,
    0.04312616927732884,
    0.04340178692634677,
    0.043615128215349894,
    0.04363201096863814,
    0.04411843240680829,
    0.04407117599752587,
    0.04451127219158159,
    0.04421820570255669,
    0.04419423755205853,
    0.04439701580665481,
    0.04473569920994866,
    0.04466283059036228,
    0.04473466630762731,
    0.044835275275186756,
    0.04484888559705775,
    0.044688738095508496,
    0.04520840276504906,
    0.045009639271548094,
    0.04509932012625144,
    0.04514825706120948,
    0.04497725563779683
  ],
  "train_mse": [
    0.045617862382073576,
    0.04349967707858125,
    0.04340045241039989,
    0.0431739017842653,
    0.04303952886690613,
    0.04292792280799116,
    0.04278518475290573,
    0.04277105805793104,
    0.042737231335409714,
    0.04253582401611681,
    0.0423640102480759,
    0.04228290762822769,
    0.04200863528232964,
    0.04145727474758712,
    0.04136545908605795,
    0.04120146911845326,
    0.04104078866892117,
    0.04094081115939651,
    0.04068569737386976,
    0.040575508875596175,
    0.04032327231139377,
    0.04004991475986034,
    0.0400101437499305,
    0.039739264595681646,
    0.03934829114467968,
    0.03911916645398643,
    0.03902807703599812,
    0.038952730479701415,
    0.038911529733511356,
    0.03876936312943526,
    0.03855679803386534,
    0.03856241341731095,
    0.03843225365536582,
    0.038304434448408496,
    0.03826381140001351,
    0.03796728563671575,
    0.0379058412422483,
    0.037793023984599,
    0.03774343666674228,
    0.03770067317889052,
    0.037740853680252665,
    0.03758667306167357
  ],
  "val_mse": [
    0.041486801291015785,
    0.041482197094551275,
    0.042083593164111525,
    0.04172057354114425,
    0.043767117750896534,
    0.041597176290733714,
    0.04218690107825776,
    0.04210083113170006,
    0.0419925005817917,
    0.04184692426466606,
    0.041729709054802507,
    0.04221107107652745,
    0.04231042467372518,
    0.042370578615178525,
    0.04350307730721756,
    0.04256091408536468,
    0.04290391342111037,
    0.04336227954063617,
    0.043075334648011436,
    0.04345789583216251,
    0.043079587775216976,
    0.04312616927732884,
    0.04340178692634677,
    0.043615128215349894,
    0.04363201096863814,
    0.04411843240680829,
    0.04407117599752587,
    0.04451127219158159,
    0.04421820570255669,
    0.04419423755205853,
    0.04439701580665481,
    0.04473569920994866,
    0.04466283059036228,
    0.04473466630762731,
    0.044835275275186756,
    0.04484888559705775,
    0.044688738095508496,
    0.04520840276504906,
    0.045009639271548094,
    0.04509932012625144,
    0.04514825706120948,
    0.04497725563779683
  ],
  "grad_norm": [
    0.07148426459854716,
    0.05844990037694261,
    0.05312860025079934,
    0.048531924224608426,
    0.043013077489771206,
    0.04619966657063761,
    0.04131841380800401,
    0.04676704278046435,
    0.04415349928023932,
    0.04247458839228937,
    0.04210051797799297,
    0.04285047079560223,
    0.04033076599031895,
    0.03794266865751543,
    0.03809282484535988,
    0.03975289600243519,
    0.038778057165600205,
    0.038756253262916644,
    0.0383526066096721,
    0.03923203531730842,
    0.04057967845168147,
    0.03776271484948538,
    0.04026447408474409,
    0.04021150148571371,
    0.03994510337137259,
    0.039489545396991545,
    0.04086727957677591,
    0.04190015580531184,
    0.041961078304094034,
    0.04311847836560719,
    0.04420173274991396,
    0.04418769644221643,
    0.044354992456265264,
    0.04481760042530673,
    0.04817527050634364,
    0.0462617211929568,
    0.048444436850039276,
    0.04812293220962678,
    0.049200711706718366,
    0.04761431473014238,
    0.04920486005192453,
    0.049898647892099995
  ],
  "training_time_seconds": 94.5,
  "training_time_human": "0h 1m 34s",
  "epochs_run": 42,
  "best_epoch": 2,
  "best_val_loss": 0.041482197094551275,
  "frame_name": "delay",
  "dataset_size": 5114,
  "hyperparameters": {
    "learning_rate": 0.001,
    "batch_size": 32,
    "dropout": 0.2,
    "patience": 40,
    "lr_scheduler": "plateau",
    "grad_clip": 1.0
  },
  "hardware": {
    "device": "cuda"
  }
}