{
  "meta": {
    "experiment": "Exp017",
    "dataset_path": "datasets/S03D17",
    "config_hash": "8838ce93",
    "evaluated_at": "2026-06-19T00:25:36.718252",
    "frame": null
  },
  "door": {
    "val_loss": 1.7447196420033773,
    "bypass_accuracy": {
      "bypass_osc_b": 0.9293333333333333,
      "bypass_noise": 0.9843333333333333,
      "bypass_filter": 0.9716666666666667,
      "bypass_reverb": 0.881,
      "bypass_delay": 0.8643333333333333
    },
    "overall_bypass_accuracy": 0.9261333333333335,
    "lfo_count_accuracy": 0.24933333333333332,
    "lfo_confusion_matrix": [
      [
        259,
        125,
        82,
        79,
        78
      ],
      [
        220,
        84,
        90,
        80,
        139
      ],
      [
        152,
        100,
        91,
        100,
        120
      ],
      [
        140,
        72,
        114,
        131,
        176
      ],
      [
        105,
        78,
        76,
        126,
        183
      ]
    ],
    "training": {
      "epochs_run": 87,
      "best_epoch": 47,
      "best_val_loss": 1.7447196420033773,
      "dataset_size": 27000,
      "hyperparameters": {
        "learning_rate": 0.001,
        "batch_size": 32,
        "dropout": 0.2,
        "patience": 40,
        "lr_scheduler": "plateau",
        "grad_clip": 1.0
      },
      "hardware": {
        "device": "cuda"
      }
    },
    "val": {
      "loss": 1.7447196420033773,
      "bypass_accuracy": {
        "bypass_osc_b": 0.9293333333333333,
        "bypass_noise": 0.9843333333333333,
        "bypass_filter": 0.9716666666666667,
        "bypass_reverb": 0.881,
        "bypass_delay": 0.8643333333333333
      },
      "per_flag_precision": {
        "bypass_osc_b": 0.926015767131595,
        "bypass_noise": 0.9860045146726862,
        "bypass_filter": 0.9723196881091618,
        "bypass_reverb": 0.8997650743931088,
        "bypass_delay": 0.8863981762917933
      },
      "per_flag_recall": {
        "bypass_osc_b": 0.9443413729128015,
        "bypass_noise": 0.9927272727272727,
        "bypass_filter": 0.9944178628389154,
        "bypass_reverb": 0.9578991246352647,
        "bypass_delay": 0.9557558377714052
      },
      "per_flag_f1": {
        "bypass_osc_b": 0.9350887936313533,
        "bypass_noise": 0.9893544733861834,
        "bypass_filter": 0.983244628424995,
        "bypass_reverb": 0.9279224712295578,
        "bypass_delay": 0.9197713384585058
      },
      "lfo_count_accuracy": 0.24933333333333332,
      "lfo_macro_f1": 0.23979906327188863,
      "lfo_weighted_f1": 0.24033783239851286,
      "lfo_confusion_matrix": [
        [
          259,
          125,
          82,
          79,
          78
        ],
        [
          220,
          84,
          90,
          80,
          139
        ],
        [
          152,
          100,
          91,
          100,
          120
        ],
        [
          140,
          72,
          114,
          131,
          176
        ],
        [
          105,
          78,
          76,
          126,
          183
        ]
      ]
    },
    "test": {
      "bypass_accuracy": {
        "bypass_osc_b": 0.9256666666666666,
        "bypass_noise": 0.9833333333333333,
        "bypass_filter": 0.973,
        "bypass_reverb": 0.892,
        "bypass_delay": 0.857
      },
      "per_flag_precision": {
        "bypass_osc_b": 0.928226779252111,
        "bypass_noise": 0.9852678571428571,
        "bypass_filter": 0.9708057609964967,
        "bypass_reverb": 0.9066824831949387,
        "bypass_delay": 0.8744832769635476
      },
      "per_flag_recall": {
        "bypass_osc_b": 0.9367011564211808,
        "bypass_noise": 0.9923561151079137,
        "bypass_filter": 0.9976,
        "bypass_reverb": 0.9630407391852163,
        "bypass_delay": 0.9607762180016516
      },
      "per_flag_f1": {
        "bypass_osc_b": 0.9324447137231142,
        "bypass_noise": 0.9887992831541219,
        "bypass_filter": 0.9840205168672322,
        "bypass_reverb": 0.9340122199592668,
        "bypass_delay": 0.9156010230179028
      },
      "lfo_count_accuracy": 0.26066666666666666,
      "lfo_macro_f1": 0.2508025831358896,
      "lfo_weighted_f1": 0.25130797310352504,
      "lfo_confusion_matrix": [
        [
          268,
          120,
          80,
          73,
          87
        ],
        [
          216,
          111,
          87,
          107,
          121
        ],
        [
          145,
          85,
          81,
          106,
          155
        ],
        [
          132,
          94,
          78,
          134,
          159
        ],
        [
          105,
          64,
          79,
          125,
          188
        ]
      ]
    },
    "latency": {
      "mean_ms": 55.98965434357524,
      "std_ms": 41.930571827214536,
      "device": "cpu",
      "runs": 500
    }
  },
  "frames": {
    "osc_a": {
      "val_loss": 0.027758903226795348,
      "mse_per_param": {
        "osc_a_waveform": 0.022632181644439697,
        "osc_a_warp_amt": 0.049962736666202545,
        "osc_a_warp_type": 0.017724471166729927,
        "osc_a_detune": 0.032757751643657684,
        "osc_a_blend": 0.013672755099833012,
        "osc_a_pitch_coarse": 0.0025897950399667025,
        "osc_a_pitch_fine": 0.08399134129285812,
        "osc_a_level": 0.019141623750329018,
        "osc_a_harmonic2": 0.017946097999811172,
        "osc_a_harmonic3": 0.017228391021490097
      },
      "mae_per_param": {
        "osc_a_waveform": 0.11295688152313232,
        "osc_a_warp_amt": 0.17709223926067352,
        "osc_a_warp_type": 0.07323644310235977,
        "osc_a_detune": 0.1229754239320755,
        "osc_a_blend": 0.07977861166000366,
        "osc_a_pitch_coarse": 0.03740561008453369,
        "osc_a_pitch_fine": 0.25134679675102234,
        "osc_a_level": 0.11875057220458984,
        "osc_a_harmonic2": 0.11298809945583344,
        "osc_a_harmonic3": 0.11032085865736008
      },
      "overall_mse": 0.027764713391661644,
      "overall_mae": 0.11968515813350677,
      "training": {
        "epochs_run": 293,
        "best_epoch": 253,
        "best_val_loss": 0.027711569373806318,
        "dataset_size": 27000,
        "hyperparameters": {
          "learning_rate": 0.001,
          "batch_size": 32,
          "dropout": 0.2,
          "patience": 40,
          "lr_scheduler": "plateau",
          "grad_clip": 1.0
        },
        "hardware": {
          "device": "cuda"
        }
      }
    },
    "osc_b": {
      "val_loss": 0.06768629513680935,
      "mse_per_param": {
        "osc_b_waveform": 0.060243863612413406,
        "osc_b_warp_amt": 0.08400983363389969,
        "osc_b_warp_type": 0.09117893874645233,
        "osc_b_detune": 0.08049353957176208,
        "osc_b_blend": 0.07009711861610413,
        "osc_b_pitch_coarse": 0.026801133528351784,
        "osc_b_pitch_fine": 0.08140232414007187,
        "osc_b_level": 0.020918123424053192,
        "osc_b_phase": 0.08807516098022461,
        "osc_b_semitone_ofs": 0.07363643497228622
      },
      "mae_per_param": {
        "osc_b_waveform": 0.20018184185028076,
        "osc_b_warp_amt": 0.24951273202896118,
        "osc_b_warp_type": 0.24433565139770508,
        "osc_b_detune": 0.23978252708911896,
        "osc_b_blend": 0.21927490830421448,
        "osc_b_pitch_coarse": 0.13391141593456268,
        "osc_b_pitch_fine": 0.24572138488292694,
        "osc_b_level": 0.12602660059928894,
        "osc_b_phase": 0.25862032175064087,
        "osc_b_semitone_ofs": 0.2279326319694519
      },
      "overall_mse": 0.06768564879894257,
      "overall_mae": 0.21452999114990234,
      "training": {
        "epochs_run": 142,
        "best_epoch": 102,
        "best_val_loss": 0.06626280276936825,
        "dataset_size": 12493,
        "hyperparameters": {
          "learning_rate": 0.001,
          "batch_size": 32,
          "dropout": 0.2,
          "patience": 40,
          "lr_scheduler": "plateau",