{
  "train_loss": [
    0.10231332007694889,
    0.1015731886129927,
    0.10125726385897882,
    0.10117819552888742,
    0.10119582138754227,
    0.10108825634862925,
    0.10108127110209819,
    0.10092920709300686,
    0.1008530373659891,
    0.10071114576547532,
    0.1005282542240378,
    0.10040466270938113,
    0.10020019416068052,
    0.10004219838191529,
    0.09933197709756929,
    0.09915279292476338,
    0.09886680986430194,
    0.0986821225567444,
    0.09851669338909355,
    0.09825419000274427,
    0.09792824686076995,
    0.09765321084273022,
    0.09749416563961957,
    0.0971775103259731,
    0.09689563809818513,
    0.09633347804884652,
    0.0960911482673239,
    0.09576125526045626,
    0.09561802044108107,
    0.09538869182201656,
    0.0951928271584817,
    0.09495540411287062,
    0.09478902159812483,
    0.0945925118552672,
    0.09438273655502377,
    0.09421776524568731,
    0.09375429432839155,
    0.09364842726672823,
    0.09348040851890235,
    0.09334270724070233,
    0.09328692592680454,
    0.09307627649222677,
    0.09311216130752016
  ],
  "val_loss": [
    0.10027905130708539,
    0.09897221000613393,
    0.09884707388040181,
    0.09958081712593904,
    0.09889829480970228,
    0.09900081359051369,
    0.09911530948168523,
    0.09930935139591629,
    0.09894773686254346,
    0.09893666167516967,
    0.09921973923573622,
    0.09951804699124517,
    0.09937980287783854,
    0.09982595532327085,
    0.10026270976743183,
    0.10008575928372306,
    0.10056404668737103,
    0.10066688221854132,
    0.1009103831004452,
    0.1012423272068436,
    0.1009595583419542,
    0.10131208034786018,
    0.10154900136026176,
    0.1021530116732056,
    0.1021179955553364,
    0.10227510554564966,
    0.10254713228425465,
    0.10273912287241704,
    0.10282824470384701,
    0.10302416738626119,
    0.1034000832084063,
    0.10349728791294871,
    0.10359186215980633,
    0.10384171838695938,
    0.10398799845495739,
    0.10405725844808526,
    0.10412677498282613,
    0.10420684113695815,
    0.10446151768839038,
    0.10453437671468065,
    0.10463882197399398,
    0.10476807726396097,
    0.10480182819269798
  ],
  "train_mse": [
    0.10231332007694889,
    0.1015731886129927,
    0.10125726385897882,
    0.10117819552888742,
    0.10119582138754227,
    0.10108825634862925,
    0.10108127110209819,
    0.10092920709300686,
    0.1008530373659891,
    0.10071114576547532,
    0.1005282542240378,
    0.10040466270938113,
    0.10020019416068052,
    0.10004219838191529,
    0.09933197709756929,
    0.09915279292476338,
    0.09886680986430194,
    0.0986821225567444,
    0.09851669338909355,
    0.09825419000274427,
    0.09792824686076995,
    0.09765321084273022,
    0.09749416563961957,
    0.0971775103259731,
    0.09689563809818513,
    0.09633347804884652,
    0.0960911482673239,
    0.09576125526045626,
    0.09561802044108107,
    0.09538869182201656,
    0.0951928271584817,
    0.09495540411287062,
    0.09478902159812483,
    0.0945925118552672,
    0.09438273655502377,
    0.09421776524568731,
    0.09375429432839155,
    0.09364842726672823,
    0.09348040851890235,
    0.09334270724070233,
    0.09328692592680454,
    0.09307627649222677,
    0.09311216130752016
  ],
  "val_mse": [
    0.10027905130708539,
    0.09897221000613393,
    0.09884707388040181,
    0.09958081712593904,
    0.09889829480970228,
    0.09900081359051369,
    0.09911530948168523,
    0.09930935139591629,
    0.09894773686254346,
    0.09893666167516967,
    0.09921973923573622,
    0.09951804699124517,
    0.09937980287783854,
    0.09982595532327085,
    0.10026270976743183,
    0.10008575928372306,
    0.10056404668737103,
    0.10066688221854132,
    0.1009103831004452,
    0.1012423272068436,
    0.1009595583419542,
    0.10131208034786018,
    0.10154900136026176,
    0.1021530116732056,
    0.1021179955553364,
    0.10227510554564966,
    0.10254713228425465,
    0.10273912287241704,
    0.10282824470384701,
    0.10302416738626119,
    0.1034000832084063,
    0.10349728791294871,
    0.10359186215980633,
    0.10384171838695938,
    0.10398799845495739,
    0.10405725844808526,
    0.10412677498282613,
    0.10420684113695815,
    0.10446151768839038,
    0.10453437671468065,
    0.10463882197399398,
    0.10476807726396097,
    0.10480182819269798
  ],
  "grad_norm": [
    0.09456644724500743,
    0.07203978230874683,
    0.06535532321101306,
    0.06270380778162665,
    0.05979469093192067,
    0.05730981167053451,
    0.056299486575094426,
    0.05522041411038388,
    0.05217832594958914,
    0.05029365901105307,
    0.04835677591806932,
    0.04819081229082233,
    0.04651331072799056,
    0.045452669703376455,
    0.04313090380683944,
    0.04477210405811265,
    0.044701716006808986,
    0.04623602723979668,
    0.046943446854129434,
    0.05033028868303911,
    0.050778994714287484,
    0.054768901242799053,
    0.05675562425843767,
    0.059251542895327546,
    0.06255963135107949,
    0.06549993303377886,
    0.06760073625608473,
    0.07146136596094112,
    0.0719233446351781,
    0.07518269232398755,
    0.07662931416888495,
    0.07914765945610565,
    0.08181376415430694,
    0.0835599753930158,
    0.08639498632652937,
    0.08731575818682039,
    0.08890820405370481,
    0.09055952440846611,
    0.0916296399727061,
    0.09388119614104161,
    0.09336929186876561,
    0.09517961833626032,
    0.09723279232511649
  ],
  "training_time_seconds": 172.7,
  "training_time_human": "0h 2m 52s",
  "epochs_run": 43,
  "best_epoch": 3,
  "best_val_loss": 0.09884707388040181,
  "frame_name": "lfo3",
  "dataset_size": 10656,
  "hyperparameters": {
    "learning_rate": 0.001,
    "batch_size": 32,
    "dropout": 0.2,
    "patience": 40,
    "lr_scheduler": "plateau",
    "grad_clip": 1.0
  },
  "hardware": {
    "device": "cuda"
  }
}