{
  "train_loss": [
    0.10262540761052592,
    0.10159227412254665,
    0.1012800115686558,
    0.10107573878974514,
    0.10094877718704423,
    0.10081369986545355,
    0.10082080374825379,
    0.10061929797579718,
    0.10048611569373957,
    0.1003631829142877,
    0.10022414247756752,
    0.09991075551806093,
    0.0995753130778964,
    0.09905152668938641,
    0.09862058718258637,
    0.09830328302446756,
    0.09815070893688904,
    0.09770780209301881,
    0.09749883069834754,
    0.0974139901390419,
    0.09689556420385684,
    0.09663704134070578,
    0.09622153856224143,
    0.09590645817578503,
    0.09507658250866124,
    0.09483968062388559,
    0.09466866481069224,
    0.0942630338025277,
    0.09410068174407538,
    0.09399147276170457,
    0.09383223716555851,
    0.09348275338801545,
    0.09316378410493807,
    0.09291351391218008,
    0.09269046244604932,
    0.0925117498894175,
    0.09204534741937348,
    0.09188172692990038,
    0.09195033155681746,
    0.09182363207792765,
    0.09155045389720488,
    0.09155788347955024
  ],
  "val_loss": [
    0.10184444942053146,
    0.10084426836278386,
    0.10103770969100105,
    0.10106490943485018,
    0.10117388713472295,
    0.10125613896300821,
    0.10100357165467473,
    0.10105543425162906,
    0.10135248617794665,
    0.10115825225108688,
    0.10167960593825139,
    0.10194542698600484,
    0.10209570503050835,
    0.10238456066640327,
    0.10249254587993001,
    0.10288070570389975,
    0.10307109706091022,
    0.10371489500815423,
    0.10369054083656487,
    0.10377050412253287,
    0.10466690167247943,
    0.10495567785681419,
    0.10512586890066468,
    0.10609070173309762,
    0.10572571479947039,
    0.10577960464445232,
    0.10598278995187982,
    0.10616243896465972,
    0.10666793435300807,
    0.10684311426984303,
    0.10713139785961671,
    0.10717146871787198,
    0.10734598291318985,
    0.10772558281239678,
    0.10815040565273161,
    0.1080385874030316,
    0.10818140194663461,
    0.10833699782706452,
    0.10852219717733652,
    0.10840319122601537,
    0.10861567920313486,
    0.10880408436059952
  ],
  "train_mse": [
    0.10262540761052592,
    0.10159227412254665,
    0.1012800115686558,
    0.10107573878974514,
    0.10094877718704423,
    0.10081369986545355,
    0.10082080374825379,
    0.10061929797579718,
    0.10048611569373957,
    0.1003631829142877,
    0.10022414247756752,
    0.09991075551806093,
    0.0995753130778964,
    0.09905152668938641,
    0.09862058718258637,
    0.09830328302446756,
    0.09815070893688904,
    0.09770780209301881,
    0.09749883069834754,
    0.0974139901390419,
    0.09689556420385684,
    0.09663704134070578,
    0.09622153856224143,
    0.09590645817578503,
    0.09507658250866124,
    0.09483968062388559,
    0.09466866481069224,
    0.0942630338025277,
    0.09410068174407538,
    0.09399147276170457,
    0.09383223716555851,
    0.09348275338801545,
    0.09316378410493807,
    0.09291351391218008,
    0.09269046244604932,
    0.0925117498894175,
    0.09204534741937348,
    0.09188172692990038,
    0.09195033155681746,
    0.09182363207792765,
    0.09155045389720488,
    0.09155788347955024
  ],
  "val_mse": [
    0.10184444942053146,
    0.10084426836278386,
    0.10103770969100105,
    0.10106490943485018,
    0.10117388713472295,
    0.10125613896300821,
    0.10100357165467473,
    0.10105543425162906,
    0.10135248617794665,
    0.10115825225108688,
    0.10167960593825139,
    0.10194542698600484,
    0.10209570503050835,
    0.10238456066640327,
    0.10249254587993001,
    0.10288070570389975,
    0.10307109706091022,
    0.10371489500815423,
    0.10369054083656487,
    0.10377050412253287,
    0.10466690167247943,
    0.10495567785681419,
    0.10512586890066468,
    0.10609070173309762,
    0.10572571479947039,
    0.10577960464445232,
    0.10598278995187982,
    0.10616243896465972,
    0.10666793435300807,
    0.10684311426984303,
    0.10713139785961671,
    0.10717146871787198,
    0.10734598291318985,
    0.10772558281239678,
    0.10815040565273161,
    0.1080385874030316,
    0.10818140194663461,
    0.10833699782706452,
    0.10852219717733652,
    0.10840319122601537,
    0.10861567920313486,
    0.10880408436059952
  ],
  "grad_norm": [
    0.10919183153301885,
    0.08626356034552397,
    0.07857490764701203,
    0.07147482905077608,
    0.06580565188539354,
    0.06447818446649264,
    0.06506966115677193,
    0.06774847926444387,
    0.062043329241545236,
    0.060378958739034115,
    0.05779329816211168,
    0.056030445234620405,
    0.05657418268694453,
    0.05619788611282225,
    0.05369039693821783,
    0.05420308886733774,
    0.057423724473951616,
    0.05565781881139703,
    0.05714489795165519,
    0.058185469716379085,
    0.057256321486544935,
    0.05985209879095424,
    0.06086124339434382,
    0.06165607962502192,
    0.06306696384634873,
    0.06529603372902086,
    0.06743969691738691,
    0.06815781969934294,
    0.070166232906384,
    0.07325685103360104,
    0.0748096650134619,
    0.07542967770809997,
    0.07868790366265872,
    0.08008618734470785,
    0.08235475992503231,
    0.0842344279668919,
    0.08392028102319535,
    0.08595514580709478,
    0.08659557418974295,
    0.08794371855177291,
    0.08956712576216214,
    0.08933315864981037
  ],
  "training_time_seconds": 95.0,
  "training_time_human": "0h 1m 35s",
  "epochs_run": 42,
  "best_epoch": 2,
  "best_val_loss": 0.10084426836278386,
  "frame_name": "lfo4",
  "dataset_size": 5251,
  "hyperparameters": {
    "learning_rate": 0.001,
    "batch_size": 32,
    "dropout": 0.2,
    "patience": 40,
    "lr_scheduler": "plateau",
    "grad_clip": 1.0
  },
  "hardware": {
    "device": "cuda"
  }
}