{
  "train_loss": [
    0.04851196245687415,
    0.035591121214304786,
    0.03013037363168343,
    0.025146272928677788,
    0.024083205166655457,
    0.024771897656510968,
    0.0225114879349983,
    0.019620909297824368,
    0.018864089312652748,
    0.018787839471600776,
    0.01760795168116573,
    0.017965011479145334,
    0.015895697396508483,
    0.015740801342004954,
    0.015387284786028917,
    0.01581936499262734,
    0.014883916319687237,
    0.015229606235674185,
    0.015196422107748745,
    0.015132694649546183,
    0.01481473508702461,
    0.014596020304706208,
    0.013488802986667138,
    0.013958189874714198,
    0.014337140806885652,
    0.015076805772476418,
    0.013371282004455263,
    0.013989479703352202,
    0.014157618883304125,
    0.01318529448219279,
    0.013417824460265711,
    0.012729624618393507,
    0.013556903192065945,
    0.013074561607005984,
    0.012888242934592242,
    0.012698607447073441,
    0.012866453296512134,
    0.012542735171583734,
    0.014697535042903682,
    0.013699524328401384,
    0.012654430666115395,
    0.013170927849619887,
    0.01248992926101814,
    0.012797917066098646,
    0.012300591060328622,
    0.012414963381697041,
    0.01300194573610328,
    0.011955346749705631,
    0.01188498245942038,
    0.011733596740189449,
    0.011757227364754262,
    0.01163625869495693,
    0.011830222424726153,
    0.011715380933366774,
    0.011560214192483776,
    0.011475591155043405,
    0.011443045152741116,
    0.011546301319762024,
    0.01122060624247258,
    0.011211587076414694,
    0.011193210461227468,
    0.0111083012983896,
    0.011116188950836658,
    0.011121010913174282,
    0.01107041707421227,
    0.011042539719780978,
    0.011098011003359574,
    0.011075305391478446,
    0.011091486836039974,
    0.010981844929444004,
    0.01092690769077618,
    0.010912333755905545,
    0.010815747139989867,
    0.010843708927115036,
    0.010826855518876813,
    0.010838606705268225
  ],
  "val_loss": [
    0.04789336103686066,
    0.034748278096202734,
    0.03850137976597446,
    0.024538377256587494,
    0.02080576650278513,
    0.021584078323009404,
    0.022168680462379787,
    0.017636685076263522,
    0.01604958750711855,
    0.01666663282428139,
    0.01928401396198328,
    0.020692647817407466,
    0.021379464009935543,
    0.015114601528228716,
    0.054076653291550716,
    0.013724079962040102,
    0.018846618675792865,
    0.019027166841046293,
    0.015379058399288228,
    0.018581292166035306,
    0.014960683997749358,
    0.015102497078189555,
    0.015034124652255875,
    0.013711907539892104,
    0.015611153182595275,
    0.013034951591561006,
    0.013253417992314626,
    0.013932779012608898,
    0.01361579049465268,
    0.013392203155356322,
    0.01342527272338553,
    0.016260358483292336,
    0.018679163830224856,
    0.013521151963708013,
    0.013202955108857894,
    0.01297210383611594,
    0.013631934487773466,
    0.013329445579370786,
    0.01518840250349784,
    0.014330423776378004,
    0.013124961167747197,
    0.013935213172158529,
    0.013511295004408489,
    0.01339509095563445,
    0.013394264879730321,
    0.013556997111254885,
    0.01337755233222662,
    0.013008212093119474,
    0.013022058802230875,
    0.013187020656096842,
    0.013196360218779062,
    0.013225036124561646,
    0.0133298223823771,
    0.014151027556075606,
    0.01357619712750117,
    0.01325512111418007,
    0.01342901180303374,
    0.013434856169849865,
    0.01315523743947116,
    0.013144833591672801,
    0.013230965292268946,
    0.013218875331876353,
    0.013437203759717386,
    0.0135028176009655,
    0.01337363465523073,
    0.013217679542568765,
    0.013428481223509293,
    0.013401080745943757,
    0.013524741591351438,
    0.013369779817240184,
    0.013269192452520825,
    0.01324753349921269,
    0.013231312163000884,
    0.013301184270964113,
    0.013201766885643782,
    0.013267996374431044
  ],
  "train_mse": [
    0.04851196245687415,
    0.035591121214304786,
    0.03013037363168343,
    0.025146272928677788,
    0.024083205166655457,
    0.024771897656510968,
    0.0225114879349983,
    0.019620909297824368,
    0.018864089312652748,
    0.018787839471600776,
    0.01760795168116573,
    0.017965011479145334,
    0.015895697396508483,
    0.015740801342004954,
    0.015387284786028917,
    0.01581936499262734,
    0.014883916319687237,
    0.015229606235674185,
    0.015196422107748745,
    0.015132694649546183,
    0.01481473508702461,
    0.014596020304706208,
    0.013488802986667138,
    0.013958189874714198,
    0.014337140806885652,
    0.015076805772476418,
    0.013371282004455263,
    0.013989479703352202,
    0.014157618883304125,
    0.01318529448219279,
    0.013417824460265711,
    0.012729624618393507,
    0.013556903192065945,
    0.013074561607005984,
    0.012888242934592242,
    0.012698607447073441,
    0.012866453296512134,
    0.012542735171583734,
    0.014697535042903682,
    0.013699524328401384,
    0.012654430666115395,
    0.013170927849619887,
    0.01248992926101814,
    0.012797917066098646,
    0.012300591060328622,
    0.012414963381697041,
    0.01300194573610328,
    0.011955346749705631,
    0.01188498245942038,
    0.011733596740189449,
    0.011757227364754262,
    0.01163625869495693,
    0.011830222424726153,
    0.011715380933366774,
    0.011560214192483776,
    0.011475591155043405,
    0.011443045152741116,
    0.011546301319762024,
    0.01122060624247258,
    0.011211587076414694,
    0.011193210461227468,
    0.0111083012983896,
    0.011116188950836658,
    0.011121010913174282,
    0.01107041707421227,
    0.011042539719780978,
    0.011098011003359574,
    0.011075305391478446,
    0.011091486836039974,
    0.010981844929444004,
    0.01092690769077618,
    0.010912333755905545,
    0.010815747139989867,
    0.010843708927115036,
    0.010826855518876813,
    0.010838606705268225
  ],
  "val_mse": [
    0.04789336103686066,
    0.034748278096202734,
    0.03850137976597446,
    0.024538377256587494,
    0.02080576650278513,
    0.021584078323009404,
    0.022168680462379787,
    0.017636685076263522,
    0.01604958750711855,
    0.01666663282428139,
    0.01928401396198328,
    0.020692647817407466,
    0.021379464009935543,
    0.015114601528228716,
    0.054076653291550716,
    0.013724079962040102,
    0.018846618675792865,
    0.019027166841046293,
    0.015379058399288228,
    0.018581292166035306,
    0.014960683997749358,
    0.015102497078189555,
    0.015034124652255875,
    0.013711907539892104,
    0.015611153182595275,
    0.013034951591561006,
    0.013253417992314626,
    0.013932779012608898,
    0.01361579049465268,
    0.013392203155356322,
    0.01342527272338553,
    0.016260358483292336,
    0.018679163830224856,
    0.013521151963708013,
    0.013202955108857894,
    0.01297210383611594,
    0.013631934487773466,
    0.013329445579370786,
    0.01518840250349784,
    0.014330423776378004,
    0.013124961167747197,
    0.013935213172158529,
    0.013511295004408489,
    0.01339509095563445,
    0.013394264879730321,
    0.013556997111254885,
    0.01337755233222662,
    0.013008212093119474,
    0.013022058802230875,
    0.013187020656096842,
    0.013196360218779062,
    0.013225036124561646,
    0.0133298223823771,
    0.014151027556075606,
    0.01357619712750117,
    0.01325512111418007,
    0.01342901180303374,
    0.013434856169849865,
    0.01315523743947116,
    0.013144833591672801,
    0.013230965292268946,
    0.013218875331876353,
    0.013437203759717386,
    0.0135028176009655,
    0.01337363465523073,
    0.013217679542568765,
    0.013428481223509293,
    0.013401080745943757,
    0.013524741591351438,
    0.013369779817240184,
    0.013269192452520825,
    0.01324753349921269,
    0.013231312163000884,
    0.013301184270964113,
    0.013201766885643782,
    0.013267996374431044
  ],