{
  "train_loss": [
    0.056500326715409756,
    0.0519636839479208,
    0.04871313363686204,
    0.047646948356181384,
    0.04663047460466623,
    0.04577876738458872,
    0.045043343983590604,
    0.04440563483536243,
    0.04372010324895382,
    0.04316466992720962,
    0.04268437580019235,
    0.04237759389355779,
    0.04192999634519219,
    0.041674959044903516,
    0.04118089421093464,
    0.0410407022498548,
    0.040735650490969416,
    0.0403764221034944,
    0.040159195646643636,
    0.03997764202952385,
    0.03988160821795463,
    0.039601476717740294,
    0.039426914155483245,
    0.03912472532689571,
    0.03896850243210793,
    0.03879971494525671,
    0.03862320721521974,
    0.03841869858279824,
    0.03830689247325063,
    0.038079138305038215,
    0.03801029420644045,
    0.03788733348250389,
    0.03764596930518747,
    0.03764233822748065,
    0.03742326610162854,
    0.037336782079190015,
    0.03717652984708548,
    0.03719570982456207,
    0.036994625322520736,
    0.03666790602728724,
    0.03674892775341868,
    0.036438283395022156,
    0.03649067471176386,
    0.03625868652015925,
    0.03536112711206078,
    0.035111762508749964,
    0.035110849101096395,
    0.035138682201504706,
    0.03497363869100809,
    0.03487054501846433,
    0.03465293020009994,
    0.03465638590976596,
    0.034749881461262705,
    0.03455424948036671,
    0.03450996479764581,
    0.03396405638754368,
    0.0338459266088903,
    0.03384081109240651,
    0.03377368927747011,
    0.033800422687083484,
    0.033605298034846784,
    0.03366150781884789,
    0.033500484205782416,
    0.03356598414480686,
    0.033465256039053204,
    0.0334930745176971,
    0.03316849767044187,
    0.03309032788127661,
    0.03307590139657259,
    0.03312207865715027,
    0.03306432094424963,
    0.033032052289694545,
    0.033073000378906724
  ],
  "val_loss": [
    0.05433186647295952,
    0.05261481472849846,
    0.050936544001102445,
    0.05084788325428963,
    0.05085973152518272,
    0.05303232297301293,
    0.049551597714424134,
    0.04747508457303047,
    0.04805279198288918,
    0.04698335489630699,
    0.04682754540443421,
    0.04894700410962105,
    0.045659652948379516,
    0.047365296334028244,
    0.04584880876541138,
    0.04665805265307427,
    0.045063682705163956,
    0.04569439241290092,
    0.04612860319018364,
    0.048977262198925016,
    0.04393722206354141,
    0.046048508882522585,
    0.04554853680729866,
    0.04688663873076439,
    0.04770113831758499,
    0.04409395164251328,
    0.04393584340810776,
    0.04512480998039246,
    0.04401993843913078,
    0.04404091939330101,
    0.04413242596387863,
    0.04366861507296562,
    0.042866100579500195,
    0.043863298445940016,
    0.044676622867584226,
    0.043959758132696154,
    0.04421246773004532,
    0.045064338982105254,
    0.04356725409626961,
    0.044740538388490673,
    0.04575349253416061,
    0.04763173106312752,
    0.04348642498254776,
    0.04462294003367424,
    0.0456706737279892,
    0.04557682591676712,
    0.045117325961589815,
    0.04499768951535225,
    0.04358641767501831,
    0.043449511349201206,
    0.04526289933919907,
    0.046082603424787524,
    0.04561430603265762,
    0.046700816065073016,
    0.04527649068832398,
    0.04464341163635254,
    0.043547570437192915,
    0.044360844254493714,
    0.044456610292196275,
    0.04473280382156372,
    0.04562955939769745,
    0.04485905122756958,
    0.04385486629605293,
    0.04403540754318237,
    0.04361546415090561,
    0.04640099373459816,
    0.04747640937566757,
    0.04478628820180893,
    0.04337192314863205,
    0.04450594276189804,
    0.04492636513710022,
    0.04382060009241104,
    0.04396672591567039
  ],
  "train_mse": [
    0.056500326715409756,
    0.0519636839479208,
    0.04871313363686204,
    0.047646948356181384,
    0.04663047460466623,
    0.04577876738458872,
    0.045043343983590604,
    0.04440563483536243,
    0.04372010324895382,
    0.04316466992720962,
    0.04268437580019235,
    0.04237759389355779,
    0.04192999634519219,
    0.041674959044903516,
    0.04118089421093464,
    0.0410407022498548,
    0.040735650490969416,
    0.0403764221034944,
    0.040159195646643636,
    0.03997764202952385,
    0.03988160821795463,
    0.039601476717740294,
    0.039426914155483245,
    0.03912472532689571,
    0.03896850243210793,
    0.03879971494525671,
    0.03862320721521974,
    0.03841869858279824,
    0.03830689247325063,
    0.038079138305038215,
    0.03801029420644045,
    0.03788733348250389,
    0.03764596930518747,
    0.03764233822748065,
    0.03742326610162854,
    0.037336782079190015,
    0.03717652984708548,
    0.03719570982456207,
    0.036994625322520736,
    0.03666790602728724,
    0.03674892775341868,
    0.036438283395022156,
    0.03649067471176386,
    0.03625868652015925,
    0.03536112711206078,
    0.035111762508749964,
    0.035110849101096395,
    0.035138682201504706,
    0.03497363869100809,
    0.03487054501846433,
    0.03465293020009994,
    0.03465638590976596,
    0.034749881461262705,
    0.03455424948036671,
    0.03450996479764581,
    0.03396405638754368,
    0.0338459266088903,
    0.03384081109240651,
    0.03377368927747011,
    0.033800422687083484,
    0.033605298034846784,
    0.03366150781884789,
    0.033500484205782416,
    0.03356598414480686,
    0.033465256039053204,
    0.0334930745176971,
    0.03316849767044187,
    0.03309032788127661,
    0.03307590139657259,
    0.03312207865715027,
    0.03306432094424963,
    0.033032052289694545,
    0.033073000378906724
  ],
  "val_mse": [
    0.05433186647295952,
    0.05261481472849846,
    0.050936544001102445,
    0.05084788325428963,
    0.05085973152518272,
    0.05303232297301293,
    0.049551597714424134,
    0.04747508457303047,
    0.04805279198288918,
    0.04698335489630699,
    0.04682754540443421,
    0.04894700410962105,
    0.045659652948379516,
    0.047365296334028244,
    0.04584880876541138,
    0.04665805265307427,
    0.045063682705163956,
    0.04569439241290092,
    0.04612860319018364,
    0.048977262198925016,
    0.04393722206354141,
    0.046048508882522585,
    0.04554853680729866,
    0.04688663873076439,
    0.04770113831758499,
    0.04409395164251328,
    0.04393584340810776,
    0.04512480998039246,
    0.04401993843913078,
    0.04404091939330101,
    0.04413242596387863,
    0.04366861507296562,
    0.042866100579500195,
    0.043863298445940016,
    0.044676622867584226,
    0.043959758132696154,
    0.04421246773004532,
    0.045064338982105254,
    0.04356725409626961,
    0.044740538388490673,
    0.04575349253416061,
    0.04763173106312752,
    0.04348642498254776,
    0.04462294003367424,
    0.0456706737279892,
    0.04557682591676712,
    0.045117325961589815,
    0.04499768951535225,
    0.04358641767501831,
    0.043449511349201206,
    0.04526289933919907,
    0.046082603424787524,
    0.04561430603265762,
    0.046700816065073016,
    0.04527649068832398,
    0.04464341163635254,
    0.043547570437192915,
    0.044360844254493714,
    0.044456610292196275,
    0.04473280382156372,
    0.04562955939769745,
    0.04485905122756958,
    0.04385486629605293,
    0.04403540754318237,
    0.04361546415090561,
    0.04640099373459816,
    0.04747640937566757,
    0.04478628820180893,
    0.04337192314863205,
    0.04450594276189804,
    0.04492636513710022,
    0.04382060009241104,
    0.04396672591567039
  ],