{
  "train_loss": [
    0.10155140106631726,
    0.09972121830627025,
    0.09906185215567742,
    0.09879722089857519,
    0.09818189297055148,
    0.0975901848403004,
    0.09686132198647211,
    0.09618855896801663,
    0.09561137391912974,
    0.09495668053658286,
    0.09444044151060979,
    0.094204694017033,
    0.09352186308139769,
    0.09333062995018013,
    0.09252633629415619,
    0.09216314747007046,
    0.09164250544961326,
    0.09140786629596262,
    0.09059092803679383,
    0.09009894375129361,
    0.08955744884884745,
    0.08940692383401166,
    0.0883472899762681,
    0.08854364816095496,
    0.08757707762286646,
    0.08708551522316987,
    0.08618637083991502,
    0.08579336069563379,
    0.08601107800307078,
    0.08537808441227655,
    0.08452146476894962,
    0.08413166562163692,
    0.08388028761366106,
    0.083628974815856,
    0.0829120917200792,
    0.08222350828732673,
    0.08226559271592283,
    0.08141001225893796,
    0.07948655270172941,
    0.07930715106591849,
    0.07842992098546604,
    0.07817379555196852,
    0.07777342904996272,
    0.07788249420437958,
    0.07737343679069847,
    0.07738896355673999,
    0.07639564357049067,
    0.07641337878869188,
    0.0762625002817242,
    0.07565619614276281,
    0.07558444045398068,
    0.07533740536050806,
    0.07474451111346202,
    0.0750168699798529,
    0.07417640298651873,
    0.07311055109233196,
    0.0729383761725796,
    0.07261154875393805,
    0.07244128141266852,
    0.07221975688669138,
    0.07206177546370067,
    0.07170097255162652,
    0.07197327896843177,
    0.0717570689079769,
    0.07134668592985129,
    0.07120999558618661,
    0.07031746071695906,
    0.07018840948094351,
    0.06988401366837503,
    0.07022272187665277,
    0.07004578599211801,
    0.06958203137562008,
    0.06969967907273131,
    0.0697015037488462,
    0.06946444274058247,
    0.0698108480021686,
    0.06936948538170531,
    0.0689403709340821,
    0.06876363855125021,
    0.06875638468005349,
    0.06857531514773214,
    0.06921170014821595,
    0.0685028183450854,
    0.06842415698286994
  ],
  "val_loss": [
    0.10171207860049633,
    0.10142738835637455,
    0.09938573143519243,
    0.1046077860542749,
    0.09969623632084713,
    0.09944435983495889,
    0.09984992293752011,
    0.10039257646657958,
    0.10178680256271842,
    0.10577895024386301,
    0.1014836975674385,
    0.09951707723258825,
    0.098866027902646,
    0.09871383665690994,
    0.1035518406457905,
    0.11504448322214868,
    0.10382221006701516,
    0.1236373710154386,
    0.09565202844283043,
    0.10347891617707101,
    0.11235604094267893,
    0.09486321660148106,
    0.0988057099414112,
    0.09725286719005315,
    0.09925895547111128,
    0.10091647885483318,
    0.09423895013822817,
    0.10374709003543173,
    0.10393170620792559,
    0.10650328177674091,
    0.11354520546599259,
    0.10900458078565566,
    0.11150571497471566,
    0.09890287056077338,
    0.0972731123568129,
    0.10159390243935446,
    0.09800209940155448,
    0.10021924714172317,
    0.09438251719616923,
    0.09901091886807849,
    0.09604623355753376,
    0.09477098235480431,
    0.0959540620120907,
    0.09418918520812725,
    0.09588634083868575,
    0.10888294113673251,
    0.09622060065255457,
    0.09901315122092101,
    0.10214100629216377,
    0.09648753807111311,
    0.09659463245387241,
    0.09865678781776445,
    0.0955105928577464,
    0.09879629300183153,
    0.09629233254043121,
    0.09684830317218998,
    0.09579534435802703,
    0.09573393834302847,
    0.09641998321268361,
    0.09677865947373868,
    0.09661059811598709,
    0.09669207736511976,
    0.10069439009670246,
    0.09698447461242339,
    0.09737363744192419,
    0.09748099013024474,
    0.09560036141891423,
    0.09567891352197685,
    0.09579232291300491,
    0.09777007647340384,
    0.09675763874595451,
    0.09672058620165618,
    0.09645292723409074,
    0.09592580769639572,
    0.09571234413323335,
    0.09538967669085231,
    0.09704778710650758,
    0.09623215497040528,
    0.0957538475455305,
    0.09677854063353751,
    0.09686369876166935,
    0.09624837024260928,
    0.09619245884000104,
    0.09571577033057721
  ],
  "train_mse": [
    0.10155140106631726,
    0.09972121830627025,
    0.09906185215567742,
    0.09879722089857519,
    0.09818189297055148,
    0.0975901848403004,
    0.09686132198647211,
    0.09618855896801663,
    0.09561137391912974,
    0.09495668053658286,
    0.09444044151060979,
    0.094204694017033,
    0.09352186308139769,
    0.09333062995018013,
    0.09252633629415619,
    0.09216314747007046,
    0.09164250544961326,
    0.09140786629596262,
    0.09059092803679383,
    0.09009894375129361,
    0.08955744884884745,
    0.08940692383401166,
    0.0883472899762681,
    0.08854364816095496,
    0.08757707762286646,
    0.08708551522316987,
    0.08618637083991502,
    0.08579336069563379,
    0.08601107800307078,
    0.08537808441227655,
    0.08452146476894962,
    0.08413166562163692,
    0.08388028761366106,
    0.083628974815856,
    0.0829120917200792,
    0.08222350828732673,
    0.08226559271592283,
    0.08141001225893796,
    0.07948655270172941,
    0.07930715106591849,
    0.07842992098546604,
    0.07817379555196852,
    0.07777342904996272,
    0.07788249420437958,
    0.07737343679069847,
    0.07738896355673999,
    0.07639564357049067,
    0.07641337878869188,
    0.0762625002817242,
    0.07565619614276281,
    0.07558444045398068,
    0.07533740536050806,
    0.07474451111346202,
    0.0750168699798529,
    0.07417640298651873,
    0.07311055109233196,
    0.0729383761725796,
    0.07261154875393805,
    0.07244128141266852,
    0.07221975688669138,
    0.07206177546370067,
    0.07170097255162652,
    0.07197327896843177,
    0.0717570689079769,
    0.07134668592985129,
    0.07120999558618661,
    0.07031746071695906,
    0.07018840948094351,
    0.06988401366837503,
    0.07022272187665277,
    0.07004578599211801,
    0.06958203137562008,
    0.06969967907273131,
    0.0697015037488462,
    0.06946444274058247,
    0.0698108480021686,
    0.06936948538170531,
    0.0689403709340821,
    0.06876363855125021,
    0.06875638468005349,
    0.06857531514773214,
    0.06921170014821595,
    0.0685028183450854,
    0.06842415698286994
  ],